<StructureDefinition xmlns="http://hl7.org/fhir">
  <id value="gecco-observation-sars-cov-2-rt-pcr" />
  <url value="https://www.netzwerk-universitaetsmedizin.de/fhir/StructureDefinition/sars-cov-2-rt-pcr" />
  <version value="1.0" />
  <name value="SarsCoV2RTPCR" />
  <title value="Sars-CoV-2-RT-PCR" />
  <status value="active" />
  <date value="2020-10-29" />
  <publisher value="Charité" />
  <contact>
    <telecom>
      <system value="url" />
      <value value="https://www.bihealth.org/en/research/core-facilities/interoperability/" />
    </telecom>
  </contact>
  <description value="Qualitative detection of SARS-CoV-2 in respiratory specimens by RT-PCR" />
  <fhirVersion value="4.0.1" />
  <kind value="resource" />
  <abstract value="false" />
  <type value="Observation" />
  <baseDefinition value="https://www.medizininformatik-initiative.de/fhir/core/modul-labor/StructureDefinition/ObservationLab" />
  <derivation value="constraint" />
  <differential>
    <element id="Observation.code.coding">
      <path value="Observation.code.coding" />
      <slicing>
        <discriminator>
          <type value="pattern" />
          <path value="$this" />
        </discriminator>
        <rules value="open" />
      </slicing>
      <min value="1" />
      <mustSupport value="true" />
    </element>
    <element id="Observation.code.coding:loinc-resp">
      <path value="Observation.code.coding" />
      <sliceName value="loinc-resp" />
      <min value="1" />
      <max value="1" />
      <patternCoding>
        <system value="http://loinc.org" />
        <code value="94500-6" />
      </patternCoding>
      <mustSupport value="true" />
    </element>
    <element id="Observation.code.coding:loinc-resp.system">
      <path value="Observation.code.coding.system" />
      <min value="1" />
      <mustSupport value="true" />
    </element>
    <element id="Observation.code.coding:loinc-resp.code">
      <path value="Observation.code.coding.code" />
      <min value="1" />
      <mustSupport value="true" />
    </element>
    <element id="Observation.subject">
      <path value="Observation.subject" />
      <type>
        <code value="Reference" />
        <targetProfile value="http://hl7.org/fhir/StructureDefinition/Patient" />
        <targetProfile value="http://hl7.org/fhir/StructureDefinition/Group" />
      </type>
    </element>
    <element id="Observation.value[x]:valueQuantity">
      <path value="Observation.value[x]" />
      <sliceName value="valueQuantity" />
      <max value="0" />
    </element>
    <element id="Observation.value[x]:valueCodeableConcept">
      <path value="Observation.value[x]" />
      <sliceName value="valueCodeableConcept" />
      <min value="1" />
      <binding>
        <strength value="required" />
        <valueSet value="https://www.netzwerk-universitaetsmedizin.de/fhir/ValueSet/detected-not-detected-inconclusive" />
      </binding>
    </element>
  </differential>
</StructureDefinition>