<StructureDefinition xmlns="http://hl7.org/fhir">
  <id value="gecco-observation-discharge-disposition" />
  <url value="https://www.netzwerk-universitaetsmedizin.de/fhir/StructureDefinition/discharge-disposition" />
  <version value="1.0" />
  <name value="DischargeDisposition" />
  <title value="Discharge Disposition" />
  <status value="active" />
  <date value="2020-10-29" />
  <publisher value="Charité" />
  <contact>
    <telecom>
      <system value="url" />
      <value value="https://www.bihealth.org/en/research/core-facilities/interoperability/" />
    </telecom>
  </contact>
  <description value="The type of discharge from a hospital or care facility" />
  <fhirVersion value="4.0.1" />
  <mapping>
    <identity value="workflow" />
    <uri value="http://hl7.org/fhir/workflow" />
    <name value="Workflow Pattern" />
  </mapping>
  <mapping>
    <identity value="sct-concept" />
    <uri value="http://snomed.info/conceptdomain" />
    <name value="SNOMED CT Concept Domain Binding" />
  </mapping>
  <mapping>
    <identity value="v2" />
    <uri value="http://hl7.org/v2" />
    <name value="HL7 v2 Mapping" />
  </mapping>
  <mapping>
    <identity value="rim" />
    <uri value="http://hl7.org/v3" />
    <name value="RIM Mapping" />
  </mapping>
  <mapping>
    <identity value="w5" />
    <uri value="http://hl7.org/fhir/fivews" />
    <name value="FiveWs Pattern Mapping" />
  </mapping>
  <mapping>
    <identity value="sct-attr" />
    <uri value="http://snomed.org/attributebinding" />
    <name value="SNOMED CT Attribute Binding" />
  </mapping>
  <kind value="resource" />
  <abstract value="false" />
  <type value="Observation" />
  <baseDefinition value="http://hl7.org/fhir/StructureDefinition/Observation" />
  <derivation value="constraint" />
  <differential>
    <element id="Observation.meta">
      <path value="Observation.meta" />
      <mustSupport value="true" />
    </element>
    <element id="Observation.meta.profile">
      <path value="Observation.meta.profile" />
      <mustSupport value="true" />
    </element>
    <element id="Observation.category">
      <path value="Observation.category" />
      <min value="1" />
      <mustSupport value="true" />
    </element>
    <element id="Observation.category.coding">
      <path value="Observation.category.coding" />
      <slicing>
        <discriminator>
          <type value="pattern" />
          <path value="$this" />
        </discriminator>
        <rules value="open" />
      </slicing>
      <min value="1" />
    </element>
    <element id="Observation.category.coding:observationCategory">
      <path value="Observation.category.coding" />
      <sliceName value="observationCategory" />
      <min value="1" />
      <max value="1" />
      <patternCoding>
        <system value="http://terminology.hl7.org/CodeSystem/observation-category" />
        <code value="social-history" />
      </patternCoding>
    </element>
    <element id="Observation.code">
      <path value="Observation.code" />
      <mustSupport value="true" />
    </element>
    <element id="Observation.code.coding">
      <path value="Observation.code.coding" />
      <slicing>
        <discriminator>
          <type value="pattern" />
          <path value="$this" />
        </discriminator>
        <rules value="open" />
      </slicing>
      <min value="1" />
      <mustSupport value="true" />
    </element>
    <element id="Observation.code.coding:loinc">
      <path value="Observation.code.coding" />
      <sliceName value="loinc" />
      <min value="1" />
      <max value="1" />
      <patternCoding>
        <system value="http://loinc.org" />
        <code value="55128-3" />
      </patternCoding>
    </element>
    <element id="Observation.code.coding:loinc.system">
      <path value="Observation.code.coding.system" />
      <min value="1" />
    </element>
    <element id="Observation.code.coding:loinc.code">
      <path value="Observation.code.coding.code" />
      <min value="1" />
    </element>
    <element id="Observation.subject">
      <path value="Observation.subject" />
      <min value="1" />
      <type>
        <code value="Reference" />
        <targetProfile value="http://hl7.org/fhir/StructureDefinition/Patient" />
      </type>
      <mustSupport value="true" />
    </element>
    <element id="Observation.effective[x]">
      <path value="Observation.effective[x]" />
      <mustSupport value="true" />
    </element>
    <element id="Observation.value[x]">
      <path value="Observation.value[x]" />
      <slicing>
        <discriminator>
          <type value="type" />
          <path value="$this" />
        </discriminator>
        <rules value="open" />
      </slicing>
      <min value="1" />
      <mustSupport value="true" />
    </element>
    <element id="Observation.value[x]:valueCodeableConcept">
      <path value="Observation.value[x]" />
      <sliceName value="valueCodeableConcept" />
      <type>
        <code value="CodeableConcept" />
      </type>
    </element>
    <element id="Observation.value[x]:valueCodeableConcept.coding">
      <path value="Observation.value[x].coding" />
      <slicing>
        <discriminator>
          <type value="pattern" />
          <path value="$this" />
        </discriminator>
        <rules value="open" />
      </slicing>
      <min value="1" />
    </element>
    <element id="Observation.value[x]:valueCodeableConcept.coding:snomed">
      <path value="Observation.value[x].coding" />
      <sliceName value="snomed" />
      <min value="1" />
      <max value="1" />
      <patternCoding>
        <system value="http://snomed.info/sct" />
      </patternCoding>
      <binding>
        <strength value="required" />
        <valueSet value="https://www.netzwerk-universitaetsmedizin.de/fhir/ValueSet/discharge-disposition" />
      </binding>
    </element>
    <element id="Observation.value[x]:valueCodeableConcept.coding:snomed.system">
      <path value="Observation.value[x].coding.system" />
      <min value="1" />
    </element>
    <element id="Observation.value[x]:valueCodeableConcept.coding:snomed.code">
      <path value="Observation.value[x].coding.code" />
      <min value="1" />
    </element>
    <element id="Observation.bodySite">
      <path value="Observation.bodySite" />
      <max value="0" />
    </element>
    <element id="Observation.specimen">
      <path value="Observation.specimen" />
      <max value="0" />
    </element>
  </differential>
</StructureDefinition>