<StructureDefinition xmlns="http://hl7.org/fhir">
  <id value="gecco-condition-chronic-kidney-diseases" />
  <url value="https://www.netzwerk-universitaetsmedizin.de/fhir/StructureDefinition/chronic-kidney-diseases" />
  <version value="1.0" />
  <name value="ChronicKidneyDiseases" />
  <title value="Chronic Kidney Diseases" />
  <status value="active" />
  <date value="2020-10-29" />
  <publisher value="Charité" />
  <contact>
    <telecom>
      <system value="url" />
      <value value="https://www.bihealth.org/en/research/core-facilities/interoperability/" />
    </telecom>
  </contact>
  <description value="Chronic kidney diseases as a risk factor for a severe course of an infection with SARS-CoV-2" />
  <fhirVersion value="4.0.1" />
  <mapping>
    <identity value="workflow" />
    <uri value="http://hl7.org/fhir/workflow" />
    <name value="Workflow Pattern" />
  </mapping>
  <mapping>
    <identity value="sct-concept" />
    <uri value="http://snomed.info/conceptdomain" />
    <name value="SNOMED CT Concept Domain Binding" />
  </mapping>
  <mapping>
    <identity value="v2" />
    <uri value="http://hl7.org/v2" />
    <name value="HL7 v2 Mapping" />
  </mapping>
  <mapping>
    <identity value="rim" />
    <uri value="http://hl7.org/v3" />
    <name value="RIM Mapping" />
  </mapping>
  <mapping>
    <identity value="w5" />
    <uri value="http://hl7.org/fhir/fivews" />
    <name value="FiveWs Pattern Mapping" />
  </mapping>
  <mapping>
    <identity value="sct-attr" />
    <uri value="http://snomed.org/attributebinding" />
    <name value="SNOMED CT Attribute Binding" />
  </mapping>
  <kind value="resource" />
  <abstract value="false" />
  <type value="Condition" />
  <baseDefinition value="https://www.netzwerk-universitaetsmedizin.de/fhir/StructureDefinition/gecco-base-condition" />
  <derivation value="constraint" />
  <differential>
    <element id="Condition.category">
      <path value="Condition.category" />
      <min value="1" />
    </element>
    <element id="Condition.category.coding">
      <path value="Condition.category.coding" />
      <slicing>
        <discriminator>
          <type value="pattern" />
          <path value="$this" />
        </discriminator>
        <rules value="open" />
      </slicing>
      <min value="1" />
      <mustSupport value="true" />
    </element>
    <element id="Condition.category.coding:nephrology">
      <path value="Condition.category.coding" />
      <sliceName value="nephrology" />
      <min value="1" />
      <max value="1" />
      <patternCoding>
        <system value="http://snomed.info/sct" />
        <code value="394589003" />
      </patternCoding>
      <mustSupport value="true" />
    </element>
    <element id="Condition.category.coding:nephrology.system">
      <path value="Condition.category.coding.system" />
      <min value="1" />
      <mustSupport value="true" />
    </element>
    <element id="Condition.category.coding:nephrology.code">
      <path value="Condition.category.coding.code" />
      <min value="1" />
      <mustSupport value="true" />
    </element>
    <element id="Condition.code.coding:icd10-gm">
      <path value="Condition.code.coding" />
      <sliceName value="icd10-gm" />
      <binding>
        <strength value="required" />
        <valueSet value="https://www.netzwerk-universitaetsmedizin.de/fhir/ValueSet/chronic-kidney-diseases-icd" />
      </binding>
    </element>
    <element id="Condition.code.coding:sct">
      <path value="Condition.code.coding" />
      <sliceName value="sct" />
      <binding>
        <strength value="required" />
        <valueSet value="https://www.netzwerk-universitaetsmedizin.de/fhir/ValueSet/chronic-kidney-diseases" />
      </binding>
    </element>
    <element id="Condition.onset[x]:onsetPeriod">
      <path value="Condition.onset[x]" />
      <sliceName value="onsetPeriod" />
    </element>
    <element id="Condition.onset[x]:onsetPeriod.extension">
      <path value="Condition.onset[x].extension" />
      <slicing>
        <discriminator>
          <type value="value" />
          <path value="url" />
        </discriminator>
        <rules value="open" />
      </slicing>
    </element>
    <element id="Condition.onset[x]:onsetPeriod.extension:dataAbsentReason">
      <path value="Condition.onset[x].extension" />
      <sliceName value="dataAbsentReason" />
      <type>
        <code value="Extension" />
        <profile value="http://hl7.org/fhir/StructureDefinition/data-absent-reason" />
      </type>
    </element>
    <element id="Condition.onset[x]:onsetDateTime">
      <path value="Condition.onset[x]" />
      <sliceName value="onsetDateTime" />
    </element>
    <element id="Condition.onset[x]:onsetDateTime.extension">
      <path value="Condition.onset[x].extension" />
      <slicing>
        <discriminator>
          <type value="value" />
          <path value="url" />
        </discriminator>
        <rules value="open" />
      </slicing>
    </element>
    <element id="Condition.onset[x]:onsetDateTime.extension:dataAbsentReason">
      <path value="Condition.onset[x].extension" />
      <sliceName value="dataAbsentReason" />
      <type>
        <code value="Extension" />
        <profile value="http://hl7.org/fhir/StructureDefinition/data-absent-reason" />
      </type>
    </element>
  </differential>
</StructureDefinition>