<StructureDefinition xmlns="http://hl7.org/fhir">
  <id value="gecco-observation-interventional-clinical-trial-participation" />
  <url value="https://www.netzwerk-universitaetsmedizin.de/fhir/StructureDefinition/interventional-clinical-trial-participation" />
  <version value="1.0" />
  <name value="InterventionalClinicalTrialParticipation" />
  <title value="Interventional Clinical Trial Participation" />
  <status value="active" />
  <date value="2020-10-29" />
  <publisher value="Charité" />
  <contact>
    <telecom>
      <system value="url" />
      <value value="https://www.bihealth.org/en/research/core-facilities/interoperability/" />
    </telecom>
  </contact>
  <description value="This observation captures if the patient participated in one or more interventional clinical trials." />
  <fhirVersion value="4.0.1" />
  <mapping>
    <identity value="workflow" />
    <uri value="http://hl7.org/fhir/workflow" />
    <name value="Workflow Pattern" />
  </mapping>
  <mapping>
    <identity value="sct-concept" />
    <uri value="http://snomed.info/conceptdomain" />
    <name value="SNOMED CT Concept Domain Binding" />
  </mapping>
  <mapping>
    <identity value="v2" />
    <uri value="http://hl7.org/v2" />
    <name value="HL7 v2 Mapping" />
  </mapping>
  <mapping>
    <identity value="rim" />
    <uri value="http://hl7.org/v3" />
    <name value="RIM Mapping" />
  </mapping>
  <mapping>
    <identity value="w5" />
    <uri value="http://hl7.org/fhir/fivews" />
    <name value="FiveWs Pattern Mapping" />
  </mapping>
  <mapping>
    <identity value="sct-attr" />
    <uri value="http://snomed.org/attributebinding" />
    <name value="SNOMED CT Attribute Binding" />
  </mapping>
  <kind value="resource" />
  <abstract value="false" />
  <type value="Observation" />
  <baseDefinition value="http://hl7.org/fhir/StructureDefinition/Observation" />
  <derivation value="constraint" />
  <differential>
    <element id="Observation.meta">
      <path value="Observation.meta" />
      <mustSupport value="true" />
    </element>
    <element id="Observation.meta.profile">
      <path value="Observation.meta.profile" />
      <mustSupport value="true" />
    </element>
    <element id="Observation.category">
      <path value="Observation.category" />
      <min value="1" />
      <mustSupport value="true" />
    </element>
    <element id="Observation.category.coding">
      <path value="Observation.category.coding" />
      <slicing>
        <discriminator>
          <type value="pattern" />
          <path value="$this" />
        </discriminator>
        <rules value="open" />
      </slicing>
      <min value="1" />
    </element>
    <element id="Observation.category.coding:observationCategory">
      <path value="Observation.category.coding" />
      <sliceName value="observationCategory" />
      <min value="1" />
      <max value="1" />
      <patternCoding>
        <system value="http://terminology.hl7.org/CodeSystem/observation-category" />
        <code value="survey" />
      </patternCoding>
    </element>
    <element id="Observation.category.coding:observationCategory.system">
      <path value="Observation.category.coding.system" />
      <min value="1" />
    </element>
    <element id="Observation.category.coding:observationCategory.code">
      <path value="Observation.category.coding.code" />
      <min value="1" />
    </element>
    <element id="Observation.code">
      <path value="Observation.code" />
      <mustSupport value="true" />
    </element>
    <element id="Observation.code.coding">
      <path value="Observation.code.coding" />
      <slicing>
        <discriminator>
          <type value="pattern" />
          <path value="$this" />
        </discriminator>
        <rules value="open" />
      </slicing>
      <min value="1" />
      <mustSupport value="true" />
    </element>
    <element id="Observation.code.coding:trialParticipation">
      <path value="Observation.code.coding" />
      <sliceName value="trialParticipation" />
      <min value="1" />
      <max value="1" />
      <patternCoding>
        <system value="https://www.netzwerk-universitaetsmedizin.de/fhir/CodeSystem/ecrf-parameter-codes" />
        <code value="03" />
      </patternCoding>
    </element>
    <element id="Observation.code.coding:trialParticipation.system">
      <path value="Observation.code.coding.system" />
      <min value="1" />
    </element>
    <element id="Observation.code.coding:trialParticipation.code">
      <path value="Observation.code.coding.code" />
      <min value="1" />
    </element>
    <element id="Observation.subject">
      <path value="Observation.subject" />
      <min value="1" />
      <type>
        <code value="Reference" />
        <targetProfile value="http://hl7.org/fhir/StructureDefinition/Patient" />
        <targetProfile value="http://hl7.org/fhir/StructureDefinition/Group" />
      </type>
      <mustSupport value="true" />
    </element>
    <element id="Observation.effective[x]">
      <path value="Observation.effective[x]" />
      <mustSupport value="true" />
    </element>
    <element id="Observation.value[x]">
      <path value="Observation.value[x]" />
      <slicing>
        <discriminator>
          <type value="type" />
          <path value="$this" />
        </discriminator>
        <rules value="open" />
      </slicing>
      <min value="1" />
      <type>
        <code value="CodeableConcept" />
      </type>
      <mustSupport value="true" />
    </element>
    <element id="Observation.value[x]:valueCodeableConcept">
      <path value="Observation.value[x]" />
      <sliceName value="valueCodeableConcept" />
      <type>
        <code value="CodeableConcept" />
      </type>
    </element>
    <element id="Observation.value[x]:valueCodeableConcept.coding">
      <path value="Observation.value[x].coding" />
      <slicing>
        <discriminator>
          <type value="pattern" />
          <path value="$this" />
        </discriminator>
        <rules value="open" />
      </slicing>
      <min value="1" />
    </element>
    <element id="Observation.value[x]:valueCodeableConcept.coding:snomed">
      <path value="Observation.value[x].coding" />
      <sliceName value="snomed" />
      <min value="1" />
      <max value="1" />
      <patternCoding>
        <system value="http://snomed.info/sct" />
      </patternCoding>
      <binding>
        <strength value="required" />
        <description value="Yes | No | Unknown" />
        <valueSet value="https://www.netzwerk-universitaetsmedizin.de/fhir/ValueSet/yes-no-unknown-other-na" />
      </binding>
    </element>
    <element id="Observation.value[x]:valueCodeableConcept.coding:snomed.system">
      <path value="Observation.value[x].coding.system" />
      <min value="1" />
    </element>
    <element id="Observation.value[x]:valueCodeableConcept.coding:snomed.code">
      <path value="Observation.value[x].coding.code" />
      <min value="1" />
    </element>
    <element id="Observation.bodySite">
      <path value="Observation.bodySite" />
      <max value="0" />
    </element>
    <element id="Observation.specimen">
      <path value="Observation.specimen" />
      <max value="0" />
    </element>
    <element id="Observation.component">
      <path value="Observation.component" />
      <slicing>
        <discriminator>
          <type value="pattern" />
          <path value="code" />
        </discriminator>
        <rules value="open" />
      </slicing>
      <mustSupport value="true" />
    </element>
    <element id="Observation.component:eudraCT">
      <path value="Observation.component" />
      <sliceName value="eudraCT" />
      <short value="EudraCT number" />
      <definition value="EudraCT (European Union Drug Regulating Authorities Clinical Trials) registration number" />
      <mustSupport value="true" />
    </element>
    <element id="Observation.component:eudraCT.code">
      <path value="Observation.component.code" />
      <patternCodeableConcept>
        <coding>
          <system value="https://www.netzwerk-universitaetsmedizin.de/fhir/CodeSystem/ecrf-parameter-codes" />
          <code value="04" />
        </coding>
      </patternCodeableConcept>
      <mustSupport value="true" />
    </element>
    <element id="Observation.component:eudraCT.code.coding">
      <path value="Observation.component.code.coding" />
      <slicing>
        <discriminator>
          <type value="pattern" />
          <path value="$this" />
        </discriminator>
        <rules value="open" />
      </slicing>
      <min value="1" />
      <mustSupport value="true" />
    </element>
    <element id="Observation.component:eudraCT.code.coding:eudraCT">
      <path value="Observation.component.code.coding" />
      <sliceName value="eudraCT" />
      <min value="1" />
      <max value="1" />
      <patternCoding>
        <system value="https://www.netzwerk-universitaetsmedizin.de/fhir/CodeSystem/ecrf-parameter-codes" />
        <code value="04" />
      </patternCoding>
    </element>
    <element id="Observation.component:eudraCT.code.coding:eudraCT.system">
      <path value="Observation.component.code.coding.system" />
      <min value="1" />
    </element>
    <element id="Observation.component:eudraCT.code.coding:eudraCT.code">
      <path value="Observation.component.code.coding.code" />
      <min value="1" />
    </element>
    <element id="Observation.component:eudraCT.value[x]">
      <path value="Observation.component.value[x]" />
      <slicing>
        <discriminator>
          <type value="type" />
          <path value="$this" />
        </discriminator>
        <rules value="open" />
      </slicing>
      <min value="1" />
      <mustSupport value="true" />
    </element>
    <element id="Observation.component:eudraCT.value[x]:valueString">
      <path value="Observation.component.value[x]" />
      <sliceName value="valueString" />
      <min value="1" />
      <type>
        <code value="string" />
      </type>
    </element>
    <element id="Observation.component:nct">
      <path value="Observation.component" />
      <sliceName value="nct" />
      <short value="NCT number" />
      <definition value="A unique identification code given to each clinical study registered on ClinicalTrials.gov." />
      <mustSupport value="true" />
    </element>
    <element id="Observation.component:nct.code">
      <path value="Observation.component.code" />
      <patternCodeableConcept>
        <coding>
          <system value="https://www.netzwerk-universitaetsmedizin.de/fhir/CodeSystem/ecrf-parameter-codes" />
          <code value="05" />
        </coding>
      </patternCodeableConcept>
      <mustSupport value="true" />
    </element>
    <element id="Observation.component:nct.code.coding">
      <path value="Observation.component.code.coding" />
      <slicing>
        <discriminator>
          <type value="pattern" />
          <path value="$this" />
        </discriminator>
        <rules value="open" />
      </slicing>
      <min value="1" />
      <mustSupport value="true" />
    </element>
    <element id="Observation.component:nct.code.coding:nctNumber">
      <path value="Observation.component.code.coding" />
      <sliceName value="nctNumber" />
      <min value="1" />
      <max value="1" />
      <patternCoding>
        <system value="https://www.netzwerk-universitaetsmedizin.de/fhir/CodeSystem/ecrf-parameter-codes" />
        <code value="05" />
      </patternCoding>
    </element>
    <element id="Observation.component:nct.code.coding:nctNumber.system">
      <path value="Observation.component.code.coding.system" />
      <min value="1" />
    </element>
    <element id="Observation.component:nct.code.coding:nctNumber.code">
      <path value="Observation.component.code.coding.code" />
      <min value="1" />
    </element>
    <element id="Observation.component:nct.value[x]">
      <path value="Observation.component.value[x]" />
      <slicing>
        <discriminator>
          <type value="type" />
          <path value="$this" />
        </discriminator>
        <rules value="open" />
      </slicing>
      <min value="1" />
    </element>
    <element id="Observation.component:nct.value[x]:valueString">
      <path value="Observation.component.value[x]" />
      <sliceName value="valueString" />
      <type>
        <code value="string" />
      </type>
    </element>
  </differential>
</StructureDefinition>