<StructureDefinition xmlns="http://hl7.org/fhir">
  <id value="gecco-medication-statement-anticoagulants" />
  <url value="https://www.netzwerk-universitaetsmedizin.de/fhir/StructureDefinition/pharmacological-therapy-anticoagulants" />
  <version value="1.0.5" />
  <name value="PharmacologicalTherapyAnticoagulants" />
  <title value="Pharmacological Therapy Anticoagulants" />
  <status value="active" />
  <date value="2021-10-11" />
  <publisher value="Charité" />
  <contact>
    <telecom>
      <system value="url" />
      <value value="https://www.bihealth.org/en/research/core-facilities/interoperability/" />
    </telecom>
  </contact>
  <description value="Pharmacological therapy using anticoagulants in the context of Covid-19" />
  <fhirVersion value="4.0.1" />
  <kind value="resource" />
  <abstract value="false" />
  <type value="MedicationStatement" />
  <baseDefinition value="https://www.medizininformatik-initiative.de/fhir/core/modul-medikation/StructureDefinition/MedicationStatement" />
  <derivation value="constraint" />
  <differential>
    <element id="MedicationStatement.medication[x]">
      <path value="MedicationStatement.medication[x]" />
      <slicing>
        <discriminator>
          <type value="type" />
          <path value="$this" />
        </discriminator>
        <rules value="open" />
      </slicing>
      <type>
        <code value="CodeableConcept" />
      </type>
    </element>
    <element id="MedicationStatement.medication[x]:medicationCodeableConcept">
      <path value="MedicationStatement.medication[x]" />
      <sliceName value="medicationCodeableConcept" />
      <type>
        <code value="CodeableConcept" />
      </type>
    </element>
    <element id="MedicationStatement.medication[x]:medicationCodeableConcept.coding">
      <path value="MedicationStatement.medication[x].coding" />
      <slicing>
        <discriminator>
          <type value="pattern" />
          <path value="$this" />
        </discriminator>
        <rules value="open" />
      </slicing>
      <min value="1" />
      <mustSupport value="true" />
    </element>
    <element id="MedicationStatement.medication[x]:medicationCodeableConcept.coding:atcClassDe">
      <path value="MedicationStatement.medication[x].coding" />
      <sliceName value="atcClassDe" />
      <patternCoding>
        <system value="http://fhir.de/CodeSystem/bfarm/atc" />
      </patternCoding>
      <binding>
        <strength value="extensible" />
        <valueSet value="https://www.netzwerk-universitaetsmedizin.de/fhir/ValueSet/anticoagulants-atc" />
      </binding>
    </element>
    <element id="MedicationStatement.medication[x]:medicationCodeableConcept.coding:atcClassDe.system">
      <path value="MedicationStatement.medication[x].coding.system" />
      <min value="1" />
    </element>
    <element id="MedicationStatement.medication[x]:medicationCodeableConcept.coding:atcClassDe.code">
      <path value="MedicationStatement.medication[x].coding.code" />
      <min value="1" />
    </element>
    <element id="MedicationStatement.reasonCode">
      <path value="MedicationStatement.reasonCode" />
      <mustSupport value="true" />
    </element>
    <element id="MedicationStatement.reasonCode.coding">
      <path value="MedicationStatement.reasonCode.coding" />
      <slicing>
        <discriminator>
          <type value="pattern" />
          <path value="$this" />
        </discriminator>
        <rules value="open" />
      </slicing>
      <min value="1" />
    </element>
    <element id="MedicationStatement.reasonCode.coding:snomed">
      <path value="MedicationStatement.reasonCode.coding" />
      <sliceName value="snomed" />
      <min value="1" />
      <max value="1" />
      <patternCoding>
        <system value="http://snomed.info/sct" />
      </patternCoding>
      <binding>
        <strength value="required" />
        <description value="Prophylaxis | Curative" />
        <valueSet value="https://www.netzwerk-universitaetsmedizin.de/fhir/ValueSet/therapeutic-intent" />
      </binding>
    </element>
    <element id="MedicationStatement.reasonCode.coding:snomed.system">
      <path value="MedicationStatement.reasonCode.coding.system" />
      <min value="1" />
    </element>
    <element id="MedicationStatement.reasonCode.coding:snomed.code">
      <path value="MedicationStatement.reasonCode.coding.code" />
      <min value="1" />
    </element>
  </differential>
</StructureDefinition>