<StructureDefinition xmlns="http://hl7.org/fhir">
  <id value="gecco-observation-pregnancy-status" />
  <url value="https://www.netzwerk-universitaetsmedizin.de/fhir/StructureDefinition/pregnancy-status" />
  <version value="1.0.4" />
  <name value="PregnancyStatus" />
  <title value="Pregnancy Status" />
  <status value="active" />
  <date value="2020-10-29" />
  <publisher value="Charité" />
  <contact>
    <telecom>
      <system value="url" />
      <value value="https://www.bihealth.org/en/research/core-facilities/interoperability/" />
    </telecom>
  </contact>
  <description value="This profile constrains the Observation resource to represent the pregnancy status." />
  <fhirVersion value="4.0.1" />
  <mapping>
    <identity value="workflow" />
    <uri value="http://hl7.org/fhir/workflow" />
    <name value="Workflow Pattern" />
  </mapping>
  <mapping>
    <identity value="sct-concept" />
    <uri value="http://snomed.info/conceptdomain" />
    <name value="SNOMED CT Concept Domain Binding" />
  </mapping>
  <mapping>
    <identity value="v2" />
    <uri value="http://hl7.org/v2" />
    <name value="HL7 v2 Mapping" />
  </mapping>
  <mapping>
    <identity value="rim" />
    <uri value="http://hl7.org/v3" />
    <name value="RIM Mapping" />
  </mapping>
  <mapping>
    <identity value="w5" />
    <uri value="http://hl7.org/fhir/fivews" />
    <name value="FiveWs Pattern Mapping" />
  </mapping>
  <mapping>
    <identity value="sct-attr" />
    <uri value="http://snomed.org/attributebinding" />
    <name value="SNOMED CT Attribute Binding" />
  </mapping>
  <kind value="resource" />
  <abstract value="false" />
  <type value="Observation" />
  <baseDefinition value="http://hl7.org/fhir/StructureDefinition/Observation" />
  <derivation value="constraint" />
  <differential>
    <element id="Observation.code">
      <path value="Observation.code" />
      <patternCodeableConcept>
        <coding>
          <system value="http://loinc.org" />
          <code value="82810-3" />
        </coding>
      </patternCodeableConcept>
      <mustSupport value="true" />
    </element>
    <element id="Observation.code.coding">
      <path value="Observation.code.coding" />
      <min value="1" />
    </element>
    <element id="Observation.code.coding.system">
      <path value="Observation.code.coding.system" />
      <min value="1" />
      <fixedUri value="http://loinc.org" />
    </element>
    <element id="Observation.code.coding.code">
      <path value="Observation.code.coding.code" />
      <min value="1" />
      <fixedCode value="82810-3" />
    </element>
    <element id="Observation.subject">
      <path value="Observation.subject" />
      <min value="1" />
      <type>
        <code value="Reference" />
        <targetProfile value="http://hl7.org/fhir/StructureDefinition/Patient" />
      </type>
      <mustSupport value="true" />
    </element>
    <element id="Observation.effective[x]">
      <path value="Observation.effective[x]" />
      <min value="1" />
      <type>
        <code value="dateTime" />
      </type>
      <mustSupport value="true" />
    </element>
    <element id="Observation.effective[x].extension">
      <path value="Observation.effective[x].extension" />
      <slicing>
        <discriminator>
          <type value="value" />
          <path value="url" />
        </discriminator>
        <rules value="open" />
      </slicing>
    </element>
    <element id="Observation.effective[x].extension:dataAbsentReason">
      <path value="Observation.effective[x].extension" />
      <sliceName value="dataAbsentReason" />
      <short value="effective[x] absence reason" />
      <definition value="Provides a reason why the effectiveTime is missing." />
      <type>
        <code value="Extension" />
        <profile value="http://hl7.org/fhir/StructureDefinition/data-absent-reason" />
      </type>
      <mustSupport value="true" />
    </element>
    <element id="Observation.value[x]">
      <path value="Observation.value[x]" />
      <slicing>
        <discriminator>
          <type value="type" />
          <path value="$this" />
        </discriminator>
        <rules value="open" />
      </slicing>
      <type>
        <code value="CodeableConcept" />
      </type>
      <mustSupport value="true" />
      <binding>
        <strength value="required" />
        <description value="Pregnant | Not pregnant | Unknown" />
        <valueSet value="https://www.netzwerk-universitaetsmedizin.de/fhir/ValueSet/pregnancy-status" />
      </binding>
    </element>
    <element id="Observation.value[x]:valueCodeableConcept">
      <path value="Observation.value[x]" />
      <sliceName value="valueCodeableConcept" />
      <type>
        <code value="CodeableConcept" />
      </type>
    </element>
    <element id="Observation.value[x]:valueCodeableConcept.coding">
      <path value="Observation.value[x].coding" />
      <slicing>
        <discriminator>
          <type value="pattern" />
          <path value="$this" />
        </discriminator>
        <rules value="open" />
      </slicing>
      <min value="1" />
      <mustSupport value="true" />
    </element>
    <element id="Observation.value[x]:valueCodeableConcept.coding:valueLoinc">
      <path value="Observation.value[x].coding" />
      <sliceName value="valueLoinc" />
      <min value="1" />
      <max value="1" />
      <patternCoding>
        <system value="http://loinc.org" />
      </patternCoding>
      <mustSupport value="true" />
    </element>
    <element id="Observation.value[x]:valueCodeableConcept.coding:valueLoinc.system">
      <path value="Observation.value[x].coding.system" />
      <min value="1" />
    </element>
    <element id="Observation.value[x]:valueCodeableConcept.coding:valueLoinc.code">
      <path value="Observation.value[x].coding.code" />
      <min value="1" />
    </element>
    <element id="Observation.value[x]:valueCodeableConcept.coding:valueSnomed">
      <path value="Observation.value[x].coding" />
      <sliceName value="valueSnomed" />
      <max value="1" />
      <patternCoding>
        <system value="http://snomed.info/sct" />
      </patternCoding>
    </element>
    <element id="Observation.value[x]:valueCodeableConcept.coding:valueSnomed.system">
      <path value="Observation.value[x].coding.system" />
      <min value="1" />
    </element>
    <element id="Observation.value[x]:valueCodeableConcept.coding:valueSnomed.code">
      <path value="Observation.value[x].coding.code" />
      <min value="1" />
    </element>
    <element id="Observation.bodySite">
      <path value="Observation.bodySite" />
      <max value="0" />
      <mustSupport value="false" />
    </element>
    <element id="Observation.specimen">
      <path value="Observation.specimen" />
      <max value="0" />
      <mustSupport value="false" />
    </element>
    <element id="Observation.device">
      <path value="Observation.device" />
      <max value="0" />
      <mustSupport value="false" />
    </element>
    <element id="Observation.referenceRange">
      <path value="Observation.referenceRange" />
      <max value="0" />
      <mustSupport value="false" />
    </element>
    <element id="Observation.hasMember">
      <path value="Observation.hasMember" />
      <short value="Expected Delivery Date" />
      <definition value="A reference to the Expected Delivery Date Observation." />
      <type>
        <code value="Reference" />
        <targetProfile value="http://hl7.org/fhir/uv/ips/StructureDefinition/Observation-pregnancy-edd-uv-ips" />
      </type>
    </element>
    <element id="Observation.hasMember.reference">
      <path value="Observation.hasMember.reference" />
      <min value="1" />
    </element>
    <element id="Observation.component">
      <path value="Observation.component" />
      <max value="0" />
      <mustSupport value="false" />
    </element>
  </differential>
</StructureDefinition>