<StructureDefinition xmlns="http://hl7.org/fhir">
  <id value="gecco-observation-blood-gas-panel" />
  <url value="https://www.netzwerk-universitaetsmedizin.de/fhir/StructureDefinition/blood-gas-panel" />
  <version value="1.0.5" />
  <name value="BloodGasPanel" />
  <title value="Blood Gas Panel" />
  <status value="active" />
  <date value="2021-09-20" />
  <publisher value="Charité" />
  <contact>
    <telecom>
      <system value="url" />
      <value value="https://www.bihealth.org/en/research/core-facilities/interoperability/" />
    </telecom>
  </contact>
  <description value="Blood gas panel is a grouper observation with references to the individual measurements as separate observations." />
  <fhirVersion value="4.0.1" />
  <mapping>
    <identity value="workflow" />
    <uri value="http://hl7.org/fhir/workflow" />
    <name value="Workflow Pattern" />
  </mapping>
  <mapping>
    <identity value="sct-concept" />
    <uri value="http://snomed.info/conceptdomain" />
    <name value="SNOMED CT Concept Domain Binding" />
  </mapping>
  <mapping>
    <identity value="v2" />
    <uri value="http://hl7.org/v2" />
    <name value="HL7 v2 Mapping" />
  </mapping>
  <mapping>
    <identity value="rim" />
    <uri value="http://hl7.org/v3" />
    <name value="RIM Mapping" />
  </mapping>
  <mapping>
    <identity value="w5" />
    <uri value="http://hl7.org/fhir/fivews" />
    <name value="FiveWs Pattern Mapping" />
  </mapping>
  <mapping>
    <identity value="sct-attr" />
    <uri value="http://snomed.org/attributebinding" />
    <name value="SNOMED CT Attribute Binding" />
  </mapping>
  <kind value="resource" />
  <abstract value="false" />
  <type value="Observation" />
  <baseDefinition value="http://hl7.org/fhir/StructureDefinition/Observation" />
  <derivation value="constraint" />
  <differential>
    <element id="Observation.identifier">
      <path value="Observation.identifier" />
      <slicing>
        <discriminator>
          <type value="pattern" />
          <path value="type" />
        </discriminator>
        <rules value="open" />
      </slicing>
      <min value="1" />
      <mustSupport value="true" />
    </element>
    <element id="Observation.identifier:analyseBefundCode">
      <path value="Observation.identifier" />
      <sliceName value="analyseBefundCode" />
      <min value="1" />
      <max value="1" />
      <mustSupport value="true" />
    </element>
    <element id="Observation.identifier:analyseBefundCode.type">
      <path value="Observation.identifier.type" />
      <min value="1" />
      <patternCodeableConcept>
        <coding>
          <system value="http://terminology.hl7.org/CodeSystem/v2-0203" />
          <code value="OBI" />
        </coding>
      </patternCodeableConcept>
      <mustSupport value="true" />
    </element>
    <element id="Observation.identifier:analyseBefundCode.type.coding">
      <path value="Observation.identifier.type.coding" />
      <slicing>
        <discriminator>
          <type value="value" />
          <path value="system" />
        </discriminator>
        <rules value="open" />
      </slicing>
      <min value="1" />
      <mustSupport value="true" />
    </element>
    <element id="Observation.identifier:analyseBefundCode.type.coding:observationInstanceV2">
      <path value="Observation.identifier.type.coding" />
      <sliceName value="observationInstanceV2" />
      <min value="1" />
      <max value="1" />
      <mustSupport value="true" />
    </element>
    <element id="Observation.identifier:analyseBefundCode.type.coding:observationInstanceV2.system">
      <path value="Observation.identifier.type.coding.system" />
      <min value="1" />
      <fixedUri value="http://terminology.hl7.org/CodeSystem/v2-0203" />
      <mustSupport value="true" />
    </element>
    <element id="Observation.identifier:analyseBefundCode.type.coding:observationInstanceV2.code">
      <path value="Observation.identifier.type.coding.code" />
      <min value="1" />
      <fixedCode value="OBI" />
      <mustSupport value="true" />
    </element>
    <element id="Observation.identifier:analyseBefundCode.system">
      <path value="Observation.identifier.system" />
      <min value="1" />
      <mustSupport value="true" />
    </element>
    <element id="Observation.identifier:analyseBefundCode.value">
      <path value="Observation.identifier.value" />
      <min value="1" />
      <mustSupport value="true" />
    </element>
    <element id="Observation.identifier:analyseBefundCode.assigner">
      <path value="Observation.identifier.assigner" />
      <min value="1" />
      <type>
        <code value="Reference" />
        <profile value="https://www.medizininformatik-initiative.de/fhir/core/StructureDefinition/MII-Reference" />
      </type>
      <mustSupport value="true" />
    </element>
    <element id="Observation.status">
      <path value="Observation.status" />
      <mustSupport value="true" />
    </element>
    <element id="Observation.category">
      <path value="Observation.category" />
      <min value="1" />
      <max value="1" />
      <mustSupport value="true" />
    </element>
    <element id="Observation.category.coding">
      <path value="Observation.category.coding" />
      <slicing>
        <discriminator>
          <type value="pattern" />
          <path value="system" />
        </discriminator>
        <discriminator>
          <type value="pattern" />
          <path value="code" />
        </discriminator>
        <rules value="open" />
      </slicing>
      <min value="2" />
      <mustSupport value="true" />
    </element>
    <element id="Observation.category.coding:loinc-observation">
      <path value="Observation.category.coding" />
      <sliceName value="loinc-observation" />
      <min value="1" />
      <mustSupport value="true" />
    </element>
    <element id="Observation.category.coding:loinc-observation.system">
      <path value="Observation.category.coding.system" />
      <min value="1" />
      <patternUri value="http://loinc.org" />
      <mustSupport value="true" />
    </element>
    <element id="Observation.category.coding:loinc-observation.code">
      <path value="Observation.category.coding.code" />
      <min value="1" />
      <patternCode value="26436-6" />
      <mustSupport value="true" />
    </element>
    <element id="Observation.category.coding:observation-category">
      <path value="Observation.category.coding" />
      <sliceName value="observation-category" />
      <min value="1" />
      <max value="1" />
      <mustSupport value="true" />
    </element>
    <element id="Observation.category.coding:observation-category.system">
      <path value="Observation.category.coding.system" />
      <min value="1" />
      <patternUri value="http://terminology.hl7.org/CodeSystem/observation-category" />
      <mustSupport value="true" />
    </element>
    <element id="Observation.category.coding:observation-category.code">
      <path value="Observation.category.coding.code" />
      <min value="1" />
      <patternCode value="laboratory" />
      <mustSupport value="true" />
    </element>
    <element id="Observation.category.coding:blood-gas-studies">
      <path value="Observation.category.coding" />
      <sliceName value="blood-gas-studies" />
      <max value="1" />
      <mustSupport value="true" />
    </element>
    <element id="Observation.category.coding:blood-gas-studies.system">
      <path value="Observation.category.coding.system" />
      <min value="1" />
      <patternUri value="http://loinc.org" />
      <mustSupport value="true" />
    </element>
    <element id="Observation.category.coding:blood-gas-studies.code">
      <path value="Observation.category.coding.code" />
      <min value="1" />
      <patternCode value="18767-4" />
      <mustSupport value="true" />
    </element>
    <element id="Observation.code">
      <path value="Observation.code" />
      <mustSupport value="true" />
    </element>
    <element id="Observation.code.coding">
      <path value="Observation.code.coding" />
      <slicing>
        <discriminator>
          <type value="pattern" />
          <path value="$this" />
        </discriminator>
        <ordered value="true" />
        <rules value="open" />
      </slicing>
      <min value="1" />
      <max value="1" />
    </element>
    <element id="Observation.code.coding:blood">
      <path value="Observation.code.coding" />
      <sliceName value="blood" />
      <max value="1" />
      <patternCoding>
        <system value="http://loinc.org" />
        <code value="24338-6" />
      </patternCoding>
    </element>
    <element id="Observation.code.coding:blood.system">
      <path value="Observation.code.coding.system" />
      <min value="1" />
    </element>
    <element id="Observation.code.coding:blood.code">
      <path value="Observation.code.coding.code" />
      <min value="1" />
    </element>
    <element id="Observation.code.coding:arterial-blood">
      <path value="Observation.code.coding" />
      <sliceName value="arterial-blood" />
      <max value="1" />
      <patternCoding>
        <system value="http://loinc.org" />
        <code value="24336-0" />
      </patternCoding>
    </element>
    <element id="Observation.code.coding:arterial-blood.system">
      <path value="Observation.code.coding.system" />
      <min value="1" />
    </element>
    <element id="Observation.code.coding:arterial-blood.code">
      <path value="Observation.code.coding.code" />
      <min value="1" />
    </element>
    <element id="Observation.code.coding:capillary-blood">
      <path value="Observation.code.coding" />
      <sliceName value="capillary-blood" />
      <max value="1" />
      <patternCoding>
        <system value="http://loinc.org" />
        <code value="24337-8" />
      </patternCoding>
    </element>
    <element id="Observation.code.coding:capillary-blood.system">
      <path value="Observation.code.coding.system" />
      <min value="1" />
    </element>
    <element id="Observation.code.coding:capillary-blood.code">
      <path value="Observation.code.coding.code" />
      <min value="1" />
    </element>
    <element id="Observation.subject">
      <path value="Observation.subject" />
      <mustSupport value="true" />
    </element>
    <element id="Observation.effective[x]">
      <path value="Observation.effective[x]" />
      <mustSupport value="true" />
    </element>
    <element id="Observation.value[x]">
      <path value="Observation.value[x]" />
      <max value="0" />
    </element>
    <element id="Observation.hasMember">
      <path value="Observation.hasMember" />
      <min value="1" />
      <type>
        <code value="Reference" />
        <targetProfile value="https://www.netzwerk-universitaetsmedizin.de/fhir/StructureDefinition/pH" />
        <targetProfile value="https://www.netzwerk-universitaetsmedizin.de/fhir/StructureDefinition/carbon-dioxide-partial-pressure" />
        <targetProfile value="https://www.netzwerk-universitaetsmedizin.de/fhir/StructureDefinition/oxygen-partial-pressure" />
        <targetProfile value="https://www.netzwerk-universitaetsmedizin.de/fhir/StructureDefinition/oxygen-saturation" />
        <targetProfile value="https://www.netzwerk-universitaetsmedizin.de/fhir/StructureDefinition/inhaled-oxygen-concentration" />
      </type>
      <mustSupport value="true" />
    </element>
  </differential>
</StructureDefinition>