<StructureDefinition xmlns="http://hl7.org/fhir">
  <id value="gecco-procedure-radiology" />
  <url value="https://www.netzwerk-universitaetsmedizin.de/fhir/StructureDefinition/radiology-procedures" />
  <version value="1.0.5" />
  <name value="RadiologyProcedures" />
  <title value="Radiology Procedures" />
  <status value="active" />
  <date value="2021-09-08" />
  <publisher value="Charité" />
  <contact>
    <telecom>
      <system value="url" />
      <value value="https://www.bihealth.org/en/research/core-facilities/interoperability/" />
    </telecom>
  </contact>
  <description value="Records the details of radiological imaging procedures performed on the patient." />
  <fhirVersion value="4.0.1" />
  <mapping>
    <identity value="workflow" />
    <uri value="http://hl7.org/fhir/workflow" />
    <name value="Workflow Pattern" />
  </mapping>
  <mapping>
    <identity value="rim" />
    <uri value="http://hl7.org/v3" />
    <name value="RIM Mapping" />
  </mapping>
  <mapping>
    <identity value="w5" />
    <uri value="http://hl7.org/fhir/fivews" />
    <name value="FiveWs Pattern Mapping" />
  </mapping>
  <mapping>
    <identity value="v2" />
    <uri value="http://hl7.org/v2" />
    <name value="HL7 v2 Mapping" />
  </mapping>
  <kind value="resource" />
  <abstract value="false" />
  <type value="Procedure" />
  <baseDefinition value="https://www.medizininformatik-initiative.de/fhir/core/modul-prozedur/StructureDefinition/Procedure" />
  <derivation value="constraint" />
  <differential>
    <element id="Procedure.category">
      <path value="Procedure.category" />
      <min value="1" />
    </element>
    <element id="Procedure.category.coding">
      <path value="Procedure.category.coding" />
      <min value="1" />
    </element>
    <element id="Procedure.category.coding:sct">
      <path value="Procedure.category.coding" />
      <min value="1" />
      <sliceName value="sct" />
      <patternCoding>
        <code value="103693007" />
      </patternCoding>
    </element>
    <element id="Procedure.category.coding:sct.code">
      <path value="Procedure.category.coding.code" />
      <patternCode value="103693007" />
    </element>
    <element id="Procedure.code.coding:sct">
      <path value="Procedure.code.coding" />
      <sliceName value="sct" />
      <binding>
        <strength value="required" />
        <valueSet value="https://www.netzwerk-universitaetsmedizin.de/fhir/ValueSet/radiology-procedures" />
      </binding>
    </element>
    <element id="Procedure.code.coding:dicom">
      <path value="Procedure.code.coding" />
      <sliceName value="dicom" />
      <max value="1" />
      <binding>
        <strength value="required" />
        <valueSet value="https://www.netzwerk-universitaetsmedizin.de/fhir/ValueSet/radiology-procedures-dicom" />
      </binding>
    </element>
    <element id="Procedure.code.coding:dicom.system">
      <path value="Procedure.code.coding.system" />
      <min value="1" />
      <patternUri value="http://dicom.nema.org/resources/ontology/DCM" />
    </element>
    <element id="Procedure.code.coding:dicom.code">
      <path value="Procedure.code.coding.code" />
      <min value="1" />
    </element>
    <element id="Procedure.subject">
      <path value="Procedure.subject" />
      <mustSupport value="true" />
    </element>
    <element id="Procedure.bodySite">
      <path value="Procedure.bodySite" />
      <min value="1" />
    </element>
    <element id="Procedure.bodySite.coding">
      <path value="Procedure.bodySite.coding" />
      <slicing>
        <discriminator>
          <type value="pattern" />
          <path value="$this" />
        </discriminator>
        <rules value="open" />
      </slicing>
      <min value="1" />
    </element>
    <element id="Procedure.bodySite.coding:snomed-lung">
      <path value="Procedure.bodySite.coding" />
      <sliceName value="snomed-lung" />
      <short value="Coding for bodySite of lung" />
      <definition value="A reference to a code defined by SNOMED CT to express that the imaging procedure is performed on the anatomical location of the lung." />
      <max value="1" />
      <patternCoding>
        <system value="http://snomed.info/sct" />
        <code value="39607008" />
      </patternCoding>
    </element>
    <element id="Procedure.bodySite.coding:snomed-lung.system">
      <path value="Procedure.bodySite.coding.system" />
      <min value="1" />
    </element>
    <element id="Procedure.bodySite.coding:snomed-lung.code">
      <path value="Procedure.bodySite.coding.code" />
      <min value="1" />
    </element>
    <element id="Procedure.report">
      <path value="Procedure.report" />
      <type>
        <code value="Reference" />
        <targetProfile value="https://www.netzwerk-universitaetsmedizin.de/fhir/StructureDefinition/diagnostic-report-radiology" />
      </type>
      <mustSupport value="true" />
    </element>
  </differential>
</StructureDefinition>