<StructureDefinition xmlns="http://hl7.org/fhir">
  <id value="gecco-diagnostic-report-radiology" />
  <url value="https://www.netzwerk-universitaetsmedizin.de/fhir/StructureDefinition/diagnostic-report-radiology" />
  <version value="1.0.5" />
  <name value="DiagnosticReportRadiology" />
  <title value="Diagnostic Report Radiology" />
  <status value="active" />
  <date value="2021-09-08" />
  <publisher value="Charité" />
  <contact>
    <telecom>
      <system value="url" />
      <value value="https://www.bihealth.org/en/research/core-facilities/interoperability/" />
    </telecom>
  </contact>
  <description value="Radiological findings in the context of an infection with SARS-CoV-2" />
  <fhirVersion value="4.0.1" />
  <mapping>
    <identity value="workflow" />
    <uri value="http://hl7.org/fhir/workflow" />
    <name value="Workflow Pattern" />
  </mapping>
  <mapping>
    <identity value="v2" />
    <uri value="http://hl7.org/v2" />
    <name value="HL7 v2 Mapping" />
  </mapping>
  <mapping>
    <identity value="rim" />
    <uri value="http://hl7.org/v3" />
    <name value="RIM Mapping" />
  </mapping>
  <mapping>
    <identity value="w5" />
    <uri value="http://hl7.org/fhir/fivews" />
    <name value="FiveWs Pattern Mapping" />
  </mapping>
  <kind value="resource" />
  <abstract value="false" />
  <type value="DiagnosticReport" />
  <baseDefinition value="http://hl7.org/fhir/StructureDefinition/DiagnosticReport" />
  <derivation value="constraint" />
  <differential>
    <element id="DiagnosticReport.category">
      <path value="DiagnosticReport.category" />
      <min value="1" />
      <max value="1" />
      <mustSupport value="true" />
    </element>
    <element id="DiagnosticReport.category.coding">
      <path value="DiagnosticReport.category.coding" />
      <slicing>
        <discriminator>
          <type value="pattern" />
          <path value="$this" />
        </discriminator>
        <rules value="open" />
      </slicing>
      <min value="2" />
      <mustSupport value="true" />
    </element>
    <element id="DiagnosticReport.category.coding:loinc">
      <path value="DiagnosticReport.category.coding" />
      <sliceName value="loinc" />
      <min value="1" />
      <max value="1" />
      <patternCoding>
        <system value="http://loinc.org" />
        <code value="18726-0" />
      </patternCoding>
      <mustSupport value="true" />
    </element>
    <element id="DiagnosticReport.category.coding:loinc.system">
      <path value="DiagnosticReport.category.coding.system" />
      <min value="1" />
    </element>
    <element id="DiagnosticReport.category.coding:loinc.code">
      <path value="DiagnosticReport.category.coding.code" />
      <min value="1" />
    </element>
    <element id="DiagnosticReport.category.coding:diagnostic-service-sections">
      <path value="DiagnosticReport.category.coding" />
      <sliceName value="diagnostic-service-sections" />
      <min value="1" />
      <max value="1" />
      <patternCoding>
        <system value="http://terminology.hl7.org/CodeSystem/v2-0074" />
        <code value="RAD" />
      </patternCoding>
      <mustSupport value="true" />
    </element>
    <element id="DiagnosticReport.category.coding:diagnostic-service-sections.system">
      <path value="DiagnosticReport.category.coding.system" />
      <min value="1" />
    </element>
    <element id="DiagnosticReport.category.coding:diagnostic-service-sections.code">
      <path value="DiagnosticReport.category.coding.code" />
      <min value="1" />
    </element>
    <element id="DiagnosticReport.code">
      <path value="DiagnosticReport.code" />
      <mustSupport value="true" />
    </element>
    <element id="DiagnosticReport.code.coding">
      <path value="DiagnosticReport.code.coding" />
      <slicing>
        <discriminator>
          <type value="pattern" />
          <path value="$this" />
        </discriminator>
        <rules value="open" />
      </slicing>
      <min value="1" />
      <mustSupport value="true" />
    </element>
    <element id="DiagnosticReport.code.coding:loinc">
      <path value="DiagnosticReport.code.coding" />
      <sliceName value="loinc" />
      <min value="1" />
      <max value="1" />
      <patternCoding>
        <system value="http://loinc.org" />
        <code value="18748-4" />
      </patternCoding>
      <mustSupport value="true" />
    </element>
    <element id="DiagnosticReport.code.coding:loinc.system">
      <path value="DiagnosticReport.code.coding.system" />
      <min value="1" />
    </element>
    <element id="DiagnosticReport.code.coding:loinc.code">
      <path value="DiagnosticReport.code.coding.code" />
      <min value="1" />
    </element>
    <element id="DiagnosticReport.subject">
      <path value="DiagnosticReport.subject" />
      <min value="1" />
      <type>
        <code value="Reference" />
        <targetProfile value="http://hl7.org/fhir/StructureDefinition/Patient" />
        <targetProfile value="http://hl7.org/fhir/StructureDefinition/Group" />
      </type>
      <mustSupport value="true" />
    </element>
    <element id="DiagnosticReport.effective[x]">
      <path value="DiagnosticReport.effective[x]" />
      <min value="1" />
      <mustSupport value="true" />
    </element>
    <element id="DiagnosticReport.conclusionCode">
      <path value="DiagnosticReport.conclusionCode" />
      <min value="1" />
      <max value="1" />
      <mustSupport value="true" />
      <binding>
        <strength value="preferred" />
        <valueSet value="https://www.netzwerk-universitaetsmedizin.de/fhir/ValueSet/radiology-findings" />
      </binding>
    </element>
    <element id="DiagnosticReport.conclusionCode.coding">
      <path value="DiagnosticReport.conclusionCode.coding" />
      <slicing>
        <discriminator>
          <type value="pattern" />
          <path value="$this" />
        </discriminator>
        <rules value="open" />
      </slicing>
      <min value="1" />
      <mustSupport value="true" />
    </element>
    <element id="DiagnosticReport.conclusionCode.coding:snomed">
      <path value="DiagnosticReport.conclusionCode.coding" />
      <sliceName value="snomed" />
      <min value="1" />
      <max value="1" />
      <patternCoding>
        <system value="http://snomed.info/sct" />
      </patternCoding>
      <mustSupport value="true" />
    </element>
    <element id="DiagnosticReport.conclusionCode.coding:snomed.system">
      <path value="DiagnosticReport.conclusionCode.coding.system" />
      <min value="1" />
    </element>
    <element id="DiagnosticReport.conclusionCode.coding:snomed.code">
      <path value="DiagnosticReport.conclusionCode.coding.code" />
      <min value="1" />
    </element>
  </differential>
</StructureDefinition>