<StructureDefinition xmlns="http://hl7.org/fhir">
  <id value="gecco-immunization" />
  <url value="https://www.netzwerk-universitaetsmedizin.de/fhir/StructureDefinition/immunization" />
  <version value="1.0.5" />
  <name value="Immunization" />
  <title value="History of Vaccination" />
  <status value="active" />
  <date value="2021-09-20" />
  <publisher value="Charité" />
  <contact>
    <telecom>
      <system value="url" />
      <value value="https://www.bihealth.org/en/research/core-facilities/interoperability/" />
    </telecom>
  </contact>
  <description value="A patient's history of vaccination" />
  <fhirVersion value="4.0.1" />
  <mapping>
    <identity value="workflow" />
    <uri value="http://hl7.org/fhir/workflow" />
    <name value="Workflow Pattern" />
  </mapping>
  <mapping>
    <identity value="v2" />
    <uri value="http://hl7.org/v2" />
    <name value="HL7 v2 Mapping" />
  </mapping>
  <mapping>
    <identity value="rim" />
    <uri value="http://hl7.org/v3" />
    <name value="RIM Mapping" />
  </mapping>
  <mapping>
    <identity value="w5" />
    <uri value="http://hl7.org/fhir/fivews" />
    <name value="FiveWs Pattern Mapping" />
  </mapping>
  <mapping>
    <identity value="cda" />
    <uri value="http://hl7.org/v3/cda" />
    <name value="CDA (R2)" />
  </mapping>
  <kind value="resource" />
  <abstract value="false" />
  <type value="Immunization" />
  <baseDefinition value="http://hl7.org/fhir/StructureDefinition/Immunization" />
  <derivation value="constraint" />
  <differential>
    <element id="Immunization.vaccineCode">
      <path value="Immunization.vaccineCode" />
      <mustSupport value="true" />
    </element>
    <element id="Immunization.vaccineCode.coding">
      <path value="Immunization.vaccineCode.coding" />
      <slicing>
        <discriminator>
          <type value="pattern" />
          <path value="$this" />
        </discriminator>
        <rules value="open" />
      </slicing>
    </element>
    <element id="Immunization.vaccineCode.coding:snomed">
      <path value="Immunization.vaccineCode.coding" />
      <sliceName value="snomed" />
      <max value="1" />
      <patternCoding>
        <system value="http://snomed.info/sct" />
      </patternCoding>
      <mustSupport value="true" />
      <binding>
        <strength value="extensible" />
        <description value="SNOMED Vaccine Codes" />
        <valueSet value="https://www.netzwerk-universitaetsmedizin.de/fhir/ValueSet/vaccines-snomed" />
      </binding>
    </element>
    <element id="Immunization.vaccineCode.coding:snomed.system">
      <path value="Immunization.vaccineCode.coding.system" />
      <min value="1" />
    </element>
    <element id="Immunization.vaccineCode.coding:snomed.code">
      <path value="Immunization.vaccineCode.coding.code" />
      <min value="1" />
    </element>
    <element id="Immunization.vaccineCode.coding:atc">
      <path value="Immunization.vaccineCode.coding" />
      <sliceName value="atc" />
      <max value="1" />
      <patternCoding>
        <system value="http://fhir.de/CodeSystem/bfarm/atc" />
      </patternCoding>
      <mustSupport value="true" />
      <binding>
        <strength value="extensible" />
        <description value="ATC Vaccine Codes" />
        <valueSet value="https://www.netzwerk-universitaetsmedizin.de/fhir/ValueSet/vaccines-atc" />
      </binding>
    </element>
    <element id="Immunization.vaccineCode.coding:atc.system">
      <path value="Immunization.vaccineCode.coding.system" />
      <min value="1" />
    </element>
    <element id="Immunization.vaccineCode.coding:atc.code">
      <path value="Immunization.vaccineCode.coding.code" />
      <min value="1" />
    </element>
    <element id="Immunization.vaccineCode.coding:pzn">
      <path value="Immunization.vaccineCode.coding" />
      <sliceName value="pzn" />
      <max value="1" />
      <patternCoding>
        <system value="http://fhir.de/CodeSystem/ifa/pzn" />
      </patternCoding>
      <mustSupport value="true" />
      <binding>
        <strength value="required" />
        <valueSet value="http://fhir.de/ValueSet/ifa/pzn" />
      </binding>
    </element>
    <element id="Immunization.vaccineCode.coding:pzn.system">
      <path value="Immunization.vaccineCode.coding.system" />
      <min value="1" />
    </element>
    <element id="Immunization.vaccineCode.coding:pzn.code">
      <path value="Immunization.vaccineCode.coding.code" />
      <min value="1" />
    </element>
    <element id="Immunization.vaccineCode.coding:absentOrUnknownImmunization">
      <path value="Immunization.vaccineCode.coding" />
      <sliceName value="absentOrUnknownImmunization" />
      <max value="1" />
      <patternCoding>
        <system value="http://hl7.org/fhir/uv/ips/CodeSystem/absent-unknown-uv-ips" />
      </patternCoding>
      <mustSupport value="true" />
      <binding>
        <strength value="required" />
        <valueSet value="http://hl7.org/fhir/uv/ips/ValueSet/absent-or-unknown-immunizations-uv-ips" />
      </binding>
    </element>
    <element id="Immunization.vaccineCode.coding:absentOrUnknownImmunization.system">
      <path value="Immunization.vaccineCode.coding.system" />
      <min value="1" />
    </element>
    <element id="Immunization.vaccineCode.coding:absentOrUnknownImmunization.code">
      <path value="Immunization.vaccineCode.coding.code" />
      <min value="1" />
    </element>
    <element id="Immunization.patient">
      <path value="Immunization.patient" />
      <mustSupport value="true" />
    </element>
    <element id="Immunization.occurrence[x]">
      <path value="Immunization.occurrence[x]" />
      <slicing>
        <discriminator>
          <type value="type" />
          <path value="$this" />
        </discriminator>
        <rules value="open" />
      </slicing>
      <mustSupport value="true" />
    </element>
    <element id="Immunization.occurrence[x]:occurrenceDateTime">
      <path value="Immunization.occurrence[x]" />
      <sliceName value="occurrenceDateTime" />
      <type>
        <code value="dateTime" />
      </type>
      <mustSupport value="true" />
    </element>
    <element id="Immunization.protocolApplied">
      <path value="Immunization.protocolApplied" />
      <mustSupport value="true" />
    </element>
    <element id="Immunization.protocolApplied.targetDisease">
      <path value="Immunization.protocolApplied.targetDisease" />
      <min value="1" />
      <mustSupport value="true" />
      <binding>
        <strength value="extensible" />
        <valueSet value="https://fhir.kbv.de/ValueSet/KBV_VS_MIO_Vaccination_TargetDisease" />
      </binding>
    </element>
    <element id="Immunization.protocolApplied.targetDisease.coding">
      <path value="Immunization.protocolApplied.targetDisease.coding" />
      <min value="1" />
      <max value="1" />
      <mustSupport value="true" />
    </element>
    <element id="Immunization.protocolApplied.targetDisease.coding.system">
      <path value="Immunization.protocolApplied.targetDisease.coding.system" />
      <min value="1" />
    </element>
    <element id="Immunization.protocolApplied.targetDisease.coding.code">
      <path value="Immunization.protocolApplied.targetDisease.coding.code" />
      <min value="1" />
    </element>
  </differential>
</StructureDefinition>