{
  "resourceType": "Condition",
  "id": "complication-bloodstream-infection-absent",
  "meta": {
    "profile": [
      "https://www.netzwerk-universitaetsmedizin.de/fhir/StructureDefinition/complications-covid-19"
    ]
  },
  "category": [
    {
      "coding": [
        {
          "code": "116223007",
          "system": "http://snomed.info/sct",
          "display": "Complication (disorder)"
        }
      ]
    }
  ],
  "code": {
    "coding": [
      {
        "system": "http://snomed.info/sct",
        "code": "434156008",
        "display": "Infectious agent in bloodstream (finding)"
      }
    ]
  },
  "verificationStatus": {
    "coding": [
      {
        "system": "http://terminology.hl7.org/CodeSystem/condition-ver-status",
        "code": "refuted",
        "display": "Refuted"
      },
      {
        "system": "http://snomed.info/sct",
        "code": "410594000",
        "display": "Definitely NOT present (qualifier value)"
      }
    ]
  },
  "subject": {
    "reference": "Patient/gecco-patient"
  },
  "recordedDate": "2020-10-15T16:07:48+02:00"
}