{
  "resourceType": "Condition",
  "id": "cardiovascular-disease-arrhythmia-absent",
  "meta": {
    "profile": [
      "https://www.netzwerk-universitaetsmedizin.de/fhir/StructureDefinition/cardiovascular-diseases"
    ]
  },
  "category": [
    {
      "coding": [
        {
          "code": "722414000",
          "system": "http://snomed.info/sct",
          "display": "Vascular medicine"
        }
      ]
    }
  ],
  "verificationStatus": {
    "coding": [
      {
        "system": "http://terminology.hl7.org/CodeSystem/condition-ver-status",
        "code": "refuted",
        "display": "Refuted"
      },
      {
        "system": "http://snomed.info/sct",
        "code": "410594000",
        "display": "Definitely NOT present (qualifier value)"
      }
    ]
  },
  "code": {
    "coding": [
      {
        "code": "698247007",
        "system": "http://snomed.info/sct",
        "display": "Cardiac arrhythmia"
      }
    ]
  },
  "subject": {
    "reference": "Patient/gecco-patient"
  },
  "recordedDate": "2020-10-06"
}