{
  "resourceType": "Condition",
  "id": "dependence-on-ventilator-absent",
  "meta": {
    "profile": [
      "https://www.netzwerk-universitaetsmedizin.de/fhir/StructureDefinition/dependence-on-ventilator"
    ]
  },
  "category": [
    {
      "coding": [
        {
          "code": "404989005",
          "system": "http://snomed.info/sct",
          "display": "Ventilation status (observable entity)"
        }
      ]
    }
  ],
  "code": {
    "coding": [
      {
        "code": "444932008",
        "system": "http://snomed.info/sct",
        "display": "Dependence on ventilator (finding)"
      }
    ]
  },
  "verificationStatus": {
    "coding": [
      {
        "system": "http://terminology.hl7.org/CodeSystem/condition-ver-status",
        "code": "refuted",
        "display": "Refuted"
      },
      {
        "system": "http://snomed.info/sct",
        "code": "410594000",
        "display": "Definitely NOT present (qualifier value)"
      }
    ]
  },
  "subject": {
    "reference": "Patient/gecco-patient"
  },
  "recordedDate": "2020-10-16T08:49:21+02:00"
}