{
  "resourceType": "Immunization",
  "id": "immunization-none-known",
  "meta": {
    "profile": [
      "https://www.netzwerk-universitaetsmedizin.de/fhir/StructureDefinition/immunization"
    ]
  },
  "status": "not-done",
  "vaccineCode": {
    "coding": [
      {
        "code": "no-known-immunizations",
        "system": "http://hl7.org/fhir/uv/ips/CodeSystem/absent-unknown-uv-ips",
        "display": "No known immunizations"
      }
    ]
  },
  "patient": {
    "reference": "Patient/gecco-patient"
  },
  "_occurrenceDateTime": {
    "extension": [
      {
        "url": "http://hl7.org/fhir/StructureDefinition/data-absent-reason",
        "valueCode": "unknown"
      }
    ]
  }
}