{
  "resourceType": "MedicationStatement",
  "id": "pharmacological-therapy-immunoglobulins-not-taken",
  "meta": {
    "profile": [
      "https://www.netzwerk-universitaetsmedizin.de/fhir/StructureDefinition/pharmacological-therapy-immunoglobulins"
    ]
  },
  "medicationCodeableConcept": {
    "coding": [
      {
        "code": "333710000",
        "system": "http://snomed.info/sct",
        "display": "Product containing immunoglobulin (product)"
      },
      {
        "code": "J06B",
        "system": "http://fhir.de/CodeSystem/bfarm/atc",
        "display": "IMMUNGLOBULINE"
      }
    ],
    "text": "immunoglobulins"
  },
  "status": "not-taken",
  "subject": {
    "reference": "Patient/gecco-patient"
  },
  "effectiveDateTime": "2020-10-19T08:43:33+02:00"
}