{
  "resourceType": "Observation",
  "id": "known-exposure-unknown",
  "meta": {
    "profile": [
      "https://www.netzwerk-universitaetsmedizin.de/fhir/StructureDefinition/known-exposure"
    ]
  },
  "category": [
    {
      "coding": [
        {
          "code": "social-history",
          "system": "http://terminology.hl7.org/CodeSystem/observation-category"
        }
      ]
    }
  ],
  "code": {
    "coding": [
      {
        "code": "88636-6",
        "system": "http://loinc.org",
        "display": "Known exposure [Identifier]"
      }
    ],
    "text": "Known exposure"
  },
  "identifier": [
    {
      "type": {
        "coding": [
          {
            "code": "OBI",
            "system": "http://terminology.hl7.org/CodeSystem/v2-0203"
          }
        ]
      },
      "system": "https://www.charite.de/fhir/CodeSystem/observation-identifiers",
      "value": "88636-6_KnownExposure",
      "assigner": {
        "reference": "Organization/Charité"
      }
    }
  ],
  "status": "final",
  "subject": {
    "reference": "Patient/gecco-patient"
  },
  "effectiveDateTime": "2020-10-04",
  "dataAbsentReason": {
    "coding": [
      {
        "code": "unknown",
        "system": "http://terminology.hl7.org/CodeSystem/data-absent-reason",
        "display": "Unknown"
      }
    ]
  }
}