{
  "resourceType": "Observation",
  "id": "body-height",
  "meta": {
    "profile": [
      "https://www.netzwerk-universitaetsmedizin.de/fhir/StructureDefinition/body-height"
    ]
  },
  "category": [
    {
      "coding": [
        {
          "code": "vital-signs",
          "system": "http://terminology.hl7.org/CodeSystem/observation-category"
        }
      ]
    }
  ],
  "code": {
    "coding": [
      {
        "code": "8302-2",
        "system": "http://loinc.org",
        "display": "Body height"
      },
      {
        "code": "1153637007",
        "system": "http://snomed.info/sct",
        "display": "Body height (observable entity)"
      }
    ],
    "text": "Body height"
  },
  "valueQuantity": {
    "system": "http://unitsofmeasure.org",
    "value": 167,
    "code": "cm",
    "unit": "centimeter"
  },
  "identifier": [
    {
      "type": {
        "coding": [
          {
            "code": "OBI",
            "system": "http://terminology.hl7.org/CodeSystem/v2-0203"
          }
        ]
      },
      "system": "https://www.charite.de/fhir/CodeSystem/observation-identifiers",
      "value": "8302-2_BodyHeight",
      "assigner": {
        "reference": "Organization/Charité"
      }
    }
  ],
  "status": "final",
  "subject": {
    "reference": "Patient/gecco-patient"
  },
  "effectiveDateTime": "2020-10-02"
}