{
  "resourceType": "Observation",
  "id": "blood-pressure",
  "meta": {
    "profile": [
      "https://www.netzwerk-universitaetsmedizin.de/fhir/StructureDefinition/blood-pressure"
    ]
  },
  "category": [
    {
      "coding": [
        {
          "code": "vital-signs",
          "system": "http://terminology.hl7.org/CodeSystem/observation-category"
        }
      ]
    }
  ],
  "code": {
    "coding": [
      {
        "code": "85354-9",
        "system": "http://loinc.org",
        "display": "Blood pressure panel with all children optional"
      },
      {
        "code": "75367002",
        "system": "http://snomed.info/sct",
        "display": "Blood pressure (observable entity)"
      }
    ],
    "text": "Blood pressure"
  },
  "component": [
    {
      "code": {
        "coding": [
          {
            "code": "8480-6",
            "system": "http://loinc.org",
            "display": "Systolic blood pressure"
          },
          {
            "code": "271649006",
            "system": "http://snomed.info/sct",
            "display": "Systolic blood pressure"
          }
        ],
        "text": "Systolic blood pressure"
      },
      "valueQuantity": {
        "system": "http://unitsofmeasure.org",
        "code": "mm[Hg]",
        "value": 120,
        "unit": "mmHg"
      }
    },
    {
      "code": {
        "coding": [
          {
            "code": "8462-4",
            "system": "http://loinc.org",
            "display": "Diastolic blood pressure"
          },
          {
            "code": "271650006",
            "system": "http://snomed.info/sct",
            "display": "Diastolic blood pressure (observable entity)"
          }
        ],
        "text": "Diastolic blood pressure"
      },
      "valueQuantity": {
        "system": "http://unitsofmeasure.org",
        "code": "mm[Hg]",
        "value": 80,
        "unit": "mmHg"
      }
    }
  ],
  "identifier": [
    {
      "type": {
        "coding": [
          {
            "code": "OBI",
            "system": "http://terminology.hl7.org/CodeSystem/v2-0203"
          }
        ]
      },
      "system": "https://www.charite.de/fhir/CodeSystem/observation-identifiers",
      "value": "85354-9_BloodPressure",
      "assigner": {
        "reference": "Organization/Charité"
      }
    }
  ],
  "status": "final",
  "subject": {
    "reference": "Patient/gecco-patient"
  },
  "effectiveDateTime": "2020-09-25"
}