{
  "resourceType": "Observation",
  "id": "discharge-disposition-alive",
  "meta": {
    "profile": [
      "https://www.netzwerk-universitaetsmedizin.de/fhir/StructureDefinition/discharge-disposition"
    ]
  },
  "category": [
    {
      "coding": [
        {
          "code": "social-history",
          "system": "http://terminology.hl7.org/CodeSystem/observation-category"
        }
      ]
    }
  ],
  "code": {
    "coding": [
      {
        "code": "55128-3",
        "system": "http://loinc.org",
        "display": "Discharge disposition"
      }
    ],
    "text": "Type of discharge"
  },
  "valueCodeableConcept": {
    "coding": [
      {
        "system": "http://snomed.info/sct",
        "code": "371827001",
        "display": "Patient discharged alive (finding)"
      }
    ]
  },
  "identifier": [
    {
      "type": {
        "coding": [
          {
            "code": "OBI",
            "system": "http://terminology.hl7.org/CodeSystem/v2-0203"
          }
        ]
      },
      "system": "https://www.charite.de/fhir/CodeSystem/observation-identifiers",
      "value": "55128-3_DischargeDisposition",
      "assigner": {
        "reference": "Organization/Charité"
      }
    }
  ],
  "status": "final",
  "subject": {
    "reference": "Patient/gecco-patient"
  },
  "effectiveDateTime": "2020-10-16T08:49:21+02:00"
}