{
  "resourceType": "Procedure",
  "id": "apheresis-unknown",
  "meta": {
    "profile": [
      "https://www.netzwerk-universitaetsmedizin.de/fhir/StructureDefinition/apheresis"
    ]
  },
  "status": "unknown",
  "category": {
    "coding": [
      {
        "code": "277132007",
        "system": "http://snomed.info/sct",
        "display": "Therapeutic procedure (procedure)"
      }
    ]
  },
  "code": {
    "coding": [
      {
        "code": "127788007",
        "system": "http://snomed.info/sct",
        "display": "Apheresis (procedure)"
      }
    ],
    "text": "Apheresis"
  },
  "subject": {
    "reference": "Patient/gecco-patient"
  },
  "_performedDateTime": {
    "extension": [
      {
        "url": "http://hl7.org/fhir/StructureDefinition/data-absent-reason",
        "valueCode": "unknown"
      }
    ]
  }
}