{
  "resourceType": "Procedure",
  "id": "prone-position-not-done",
  "meta": {
    "profile": [
      "https://www.netzwerk-universitaetsmedizin.de/fhir/StructureDefinition/prone-position"
    ]
  },
  "status": "not-done",
  "category": {
    "coding": [
      {
        "code": "225287004",
        "system": "http://snomed.info/sct",
        "display": "Procedures relating to positioning and support (procedure)"
      }
    ]
  },
  "code": {
    "coding": [
      {
        "code": "431182000",
        "system": "http://snomed.info/sct",
        "display": "Placing subject in prone position (procedure)"
      }
    ],
    "text": "Prone position"
  },
  "subject": {
    "reference": "Patient/gecco-patient"
  },
  "_performedDateTime": {
    "extension": [
      {
        "url": "http://hl7.org/fhir/StructureDefinition/data-absent-reason",
        "valueCode": "not-performed"
      }
    ]
  }
}