{
  "resourceType": "StructureDefinition",
  "id": "symptoms-covid-19",
  "url": "https://www.netzwerk-universitaetsmedizin.de/fhir/StructureDefinition/symptoms-covid-19",
  "version": "1.0.6",
  "name": "SymptomsCovid19",
  "title": "Symptoms Covid-19",
  "status": "active",
  "experimental": false,
  "date": "2020-10-29",
  "publisher": "Berlin Institute of Health at Charité (BIH)",
  "contact": [
    {
      "telecom": [
        {
          "system": "url",
          "value": "https://www.bihealth.org/en/research/core-facilities/interoperability/"
        }
      ]
    }
  ],
  "description": "Symptoms of Covid-19",
  "fhirVersion": "4.0.1",
  "mapping": [
    {
      "identity": "workflow",
      "uri": "http://hl7.org/fhir/workflow",
      "name": "Workflow Pattern"
    },
    {
      "identity": "sct-concept",
      "uri": "http://snomed.info/conceptdomain",
      "name": "SNOMED CT Concept Domain Binding"
    },
    {
      "identity": "v2",
      "uri": "http://hl7.org/v2",
      "name": "HL7 v2 Mapping"
    },
    {
      "identity": "rim",
      "uri": "http://hl7.org/v3",
      "name": "RIM Mapping"
    },
    {
      "identity": "w5",
      "uri": "http://hl7.org/fhir/fivews",
      "name": "FiveWs Pattern Mapping"
    },
    {
      "identity": "sct-attr",
      "uri": "http://snomed.org/attributebinding",
      "name": "SNOMED CT Attribute Binding"
    }
  ],
  "kind": "resource",
  "abstract": false,
  "type": "Condition",
  "baseDefinition": "https://www.netzwerk-universitaetsmedizin.de/fhir/StructureDefinition/gecco-base-condition",
  "derivation": "constraint",
  "differential": {
    "element": [
      {
        "id": "Condition.category",
        "path": "Condition.category",
        "min": 1,
        "mustSupport": true
      },
      {
        "id": "Condition.category.coding",
        "path": "Condition.category.coding",
        "slicing": {
          "discriminator": [
            {
              "type": "pattern",
              "path": "$this"
            }
          ],
          "rules": "open"
        },
        "min": 1,
        "mustSupport": true
      },
      {
        "id": "Condition.category.coding:symptoms",
        "path": "Condition.category.coding",
        "sliceName": "symptoms",
        "min": 1,
        "max": "1",
        "patternCoding": {
          "code": "75325-1",
          "system": "http://loinc.org"
        },
        "mustSupport": true
      },
      {
        "id": "Condition.category.coding:symptoms.system",
        "path": "Condition.category.coding.system",
        "min": 1,
        "mustSupport": true
      },
      {
        "id": "Condition.category.coding:symptoms.code",
        "path": "Condition.category.coding.code",
        "min": 1,
        "mustSupport": true
      },
      {
        "id": "Condition.severity",
        "path": "Condition.severity",
        "mustSupport": true,
        "binding": {
          "strength": "preferred",
          "valueSet": "https://www.netzwerk-universitaetsmedizin.de/fhir/ValueSet/condition-severity"
        }
      },
      {
        "id": "Condition.code.coding:sct",
        "path": "Condition.code.coding",
        "sliceName": "sct",
        "min": 1,
        "binding": {
          "strength": "required",
          "valueSet": "https://www.netzwerk-universitaetsmedizin.de/fhir/ValueSet/sars-cov-2-symptoms"
        }
      },
      {
        "id": "Condition.code.coding:orphanet",
        "path": "Condition.code.coding",
        "sliceName": "orphanet",
        "max": "0"
      }
    ]
  }
}