{
  "resourceType": "StructureDefinition",
  "id": "human-immunodeficiency-virus-infection",
  "url": "https://www.netzwerk-universitaetsmedizin.de/fhir/StructureDefinition/human-immunodeficiency-virus-infection",
  "version": "1.0.6",
  "name": "HumanImmunodeficiencyVirusInfection",
  "title": "Human Immunodeficiency Virus Infection",
  "status": "active",
  "experimental": false,
  "date": "2020-10-29",
  "publisher": "Berlin Institute of Health at Charité (BIH)",
  "contact": [
    {
      "telecom": [
        {
          "system": "url",
          "value": "https://www.bihealth.org/en/research/core-facilities/interoperability/"
        }
      ]
    }
  ],
  "description": "HIV infection as a risk factor for a severe course of an infection with SARS-CoV-2",
  "fhirVersion": "4.0.1",
  "mapping": [
    {
      "identity": "workflow",
      "uri": "http://hl7.org/fhir/workflow",
      "name": "Workflow Pattern"
    },
    {
      "identity": "sct-concept",
      "uri": "http://snomed.info/conceptdomain",
      "name": "SNOMED CT Concept Domain Binding"
    },
    {
      "identity": "v2",
      "uri": "http://hl7.org/v2",
      "name": "HL7 v2 Mapping"
    },
    {
      "identity": "rim",
      "uri": "http://hl7.org/v3",
      "name": "RIM Mapping"
    },
    {
      "identity": "w5",
      "uri": "http://hl7.org/fhir/fivews",
      "name": "FiveWs Pattern Mapping"
    },
    {
      "identity": "sct-attr",
      "uri": "http://snomed.org/attributebinding",
      "name": "SNOMED CT Attribute Binding"
    }
  ],
  "kind": "resource",
  "abstract": false,
  "type": "Condition",
  "baseDefinition": "https://www.netzwerk-universitaetsmedizin.de/fhir/StructureDefinition/gecco-base-condition",
  "derivation": "constraint",
  "differential": {
    "element": [
      {
        "id": "Condition.category",
        "path": "Condition.category",
        "min": 1,
        "mustSupport": true
      },
      {
        "id": "Condition.category.coding",
        "path": "Condition.category.coding",
        "slicing": {
          "discriminator": [
            {
              "type": "pattern",
              "path": "$this"
            }
          ],
          "rules": "open"
        },
        "min": 1,
        "mustSupport": true
      },
      {
        "id": "Condition.category.coding:infectiousDiseases",
        "path": "Condition.category.coding",
        "sliceName": "infectiousDiseases",
        "min": 1,
        "max": "1",
        "patternCoding": {
          "code": "394807007",
          "system": "http://snomed.info/sct"
        },
        "mustSupport": true
      },
      {
        "id": "Condition.category.coding:infectiousDiseases.system",
        "path": "Condition.category.coding.system",
        "min": 1,
        "mustSupport": true
      },
      {
        "id": "Condition.category.coding:infectiousDiseases.code",
        "path": "Condition.category.coding.code",
        "min": 1,
        "mustSupport": true
      },
      {
        "id": "Condition.code.coding:icd10-gm",
        "path": "Condition.code.coding",
        "sliceName": "icd10-gm",
        "binding": {
          "strength": "required",
          "valueSet": "https://www.netzwerk-universitaetsmedizin.de/fhir/ValueSet/human-immunodeficiency-virus-infections-icd"
        }
      },
      {
        "id": "Condition.code.coding:sct",
        "path": "Condition.code.coding",
        "sliceName": "sct",
        "binding": {
          "strength": "required",
          "valueSet": "https://www.netzwerk-universitaetsmedizin.de/fhir/ValueSet/human-immunodeficiency-virus-infections"
        }
      }
    ]
  }
}