{
  "resourceType": "StructureDefinition",
  "id": "gecco-bundle",
  "extension": [
    {
      "url": "http://hl7.org/fhir/StructureDefinition/structuredefinition-category",
      "valueString": "Foundation.Other"
    },
    {
      "url": "http://hl7.org/fhir/StructureDefinition/structuredefinition-security-category",
      "valueCode": "not-classified"
    }
  ],
  "url": "https://www.netzwerk-universitaetsmedizin.de/fhir/StructureDefinition/gecco-bundle",
  "version": "1.0.6",
  "name": "GeccoBundle",
  "title": "GECCO Bundle",
  "status": "active",
  "experimental": false,
  "date": "2020-10-29",
  "publisher": "Berlin Institute of Health at Charité (BIH)",
  "contact": [
    {
      "telecom": [
        {
          "system": "url",
          "value": "https://www.bihealth.org/en/research/core-facilities/interoperability/"
        }
      ]
    }
  ],
  "description": "Bundle of type 'transaction' used to collect the set of resources as part of the GECCO dataset into a single instance.",
  "fhirVersion": "4.0.1",
  "mapping": [
    {
      "identity": "v2",
      "uri": "http://hl7.org/v2",
      "name": "HL7 v2 Mapping"
    },
    {
      "identity": "rim",
      "uri": "http://hl7.org/v3",
      "name": "RIM Mapping"
    },
    {
      "identity": "cda",
      "uri": "http://hl7.org/v3/cda",
      "name": "CDA (R2)"
    },
    {
      "identity": "w5",
      "uri": "http://hl7.org/fhir/fivews",
      "name": "FiveWs Pattern Mapping"
    }
  ],
  "kind": "resource",
  "abstract": false,
  "type": "Bundle",
  "baseDefinition": "http://hl7.org/fhir/StructureDefinition/Bundle",
  "derivation": "constraint",
  "differential": {
    "element": [
      {
        "id": "Bundle.type",
        "path": "Bundle.type",
        "fixedCode": "transaction",
        "mustSupport": true
      },
      {
        "id": "Bundle.timestamp",
        "path": "Bundle.timestamp",
        "mustSupport": true
      },
      {
        "id": "Bundle.entry",
        "path": "Bundle.entry",
        "min": 1,
        "mustSupport": true
      },
      {
        "id": "Bundle.entry.resource",
        "path": "Bundle.entry.resource",
        "min": 1
      }
    ]
  }
}