{
  "resourceType": "StructureDefinition",
  "id": "body-temperature",
  "extension": [
    {
      "url": "http://hl7.org/fhir/StructureDefinition/structuredefinition-category",
      "valueString": "Clinical.Diagnostics"
    },
    {
      "url": "http://hl7.org/fhir/StructureDefinition/structuredefinition-security-category",
      "valueCode": "patient"
    }
  ],
  "url": "https://www.netzwerk-universitaetsmedizin.de/fhir/StructureDefinition/body-temperature",
  "version": "1.0.6",
  "name": "BodyTemperature",
  "title": "Body Temperature",
  "status": "active",
  "experimental": false,
  "date": "2021-05-17",
  "publisher": "Berlin Institute of Health at Charité (BIH)",
  "contact": [
    {
      "telecom": [
        {
          "system": "url",
          "value": "https://www.bihealth.org/en/research/core-facilities/interoperability/"
        }
      ]
    }
  ],
  "description": "Body Temperature of a patient",
  "fhirVersion": "4.0.1",
  "mapping": [
    {
      "identity": "workflow",
      "uri": "http://hl7.org/fhir/workflow",
      "name": "Workflow Pattern"
    },
    {
      "identity": "sct-concept",
      "uri": "http://snomed.info/conceptdomain",
      "name": "SNOMED CT Concept Domain Binding"
    },
    {
      "identity": "v2",
      "uri": "http://hl7.org/v2",
      "name": "HL7 v2 Mapping"
    },
    {
      "identity": "rim",
      "uri": "http://hl7.org/v3",
      "name": "RIM Mapping"
    },
    {
      "identity": "w5",
      "uri": "http://hl7.org/fhir/fivews",
      "name": "FiveWs Pattern Mapping"
    },
    {
      "identity": "sct-attr",
      "uri": "http://snomed.org/attributebinding",
      "name": "SNOMED CT Attribute Binding"
    }
  ],
  "kind": "resource",
  "abstract": false,
  "type": "Observation",
  "baseDefinition": "https://www.netzwerk-universitaetsmedizin.de/fhir/StructureDefinition/vital-signs-base",
  "derivation": "constraint",
  "differential": {
    "element": [
      {
        "id": "Observation.code",
        "path": "Observation.code",
        "short": "Body Temperature",
        "definition": "Body Temperature",
        "comment": "Additional codes that translate or map to this code are allowed. For example a more granular LOINC code or code that is used locally in a system."
      },
      {
        "id": "Observation.code.coding",
        "path": "Observation.code.coding",
        "slicing": {
          "discriminator": [
            {
              "type": "pattern",
              "path": "$this"
            }
          ],
          "rules": "open"
        },
        "min": 1
      },
      {
        "id": "Observation.code.coding:loinc",
        "path": "Observation.code.coding",
        "sliceName": "loinc",
        "min": 1,
        "max": "*",
        "patternCoding": {
          "code": "8310-5",
          "system": "http://loinc.org"
        }
      },
      {
        "id": "Observation.code.coding:loinc.system",
        "path": "Observation.code.coding.system",
        "min": 1
      },
      {
        "id": "Observation.code.coding:loinc.code",
        "path": "Observation.code.coding.code",
        "min": 1
      },
      {
        "id": "Observation.code.coding:snomed",
        "path": "Observation.code.coding",
        "sliceName": "snomed",
        "min": 0,
        "max": "*",
        "patternCoding": {
          "code": "386725007",
          "system": "http://snomed.info/sct"
        }
      },
      {
        "id": "Observation.code.coding:snomed.system",
        "path": "Observation.code.coding.system",
        "min": 1
      },
      {
        "id": "Observation.code.coding:snomed.code",
        "path": "Observation.code.coding.code",
        "min": 1
      },
      {
        "id": "Observation.value[x]",
        "path": "Observation.value[x]",
        "type": [
          {
            "code": "Quantity"
          }
        ],
        "mustSupport": true
      },
      {
        "id": "Observation.value[x].value",
        "path": "Observation.value[x].value",
        "min": 1,
        "mustSupport": true
      },
      {
        "id": "Observation.value[x].unit",
        "path": "Observation.value[x].unit",
        "min": 1,
        "mustSupport": true
      },
      {
        "id": "Observation.value[x].system",
        "path": "Observation.value[x].system",
        "min": 1,
        "patternUri": "http://unitsofmeasure.org",
        "mustSupport": true
      },
      {
        "id": "Observation.value[x].code",
        "path": "Observation.value[x].code",
        "min": 1,
        "patternCode": "Cel",
        "mustSupport": true
      },
      {
        "id": "Observation.dataAbsentReason",
        "path": "Observation.dataAbsentReason",
        "mustSupport": true
      }
    ]
  }
}