{
  "resourceType": "StructureDefinition",
  "id": "sex-assigned-at-birth",
  "extension": [
    {
      "url": "http://hl7.org/fhir/StructureDefinition/structuredefinition-category",
      "valueString": "Clinical.Diagnostics"
    },
    {
      "url": "http://hl7.org/fhir/StructureDefinition/structuredefinition-security-category",
      "valueCode": "patient"
    }
  ],
  "url": "https://www.netzwerk-universitaetsmedizin.de/fhir/StructureDefinition/sex-assigned-at-birth",
  "version": "1.0.6",
  "name": "SexAssignedAtBirth",
  "title": "Sex assigned at birth",
  "status": "active",
  "experimental": false,
  "date": "2020-10-29",
  "publisher": "Berlin Institute of Health at Charité (BIH)",
  "contact": [
    {
      "telecom": [
        {
          "system": "url",
          "value": "https://www.bihealth.org/en/research/core-facilities/interoperability/"
        }
      ]
    }
  ],
  "description": "The biological sex of a patient assigned at birth.",
  "fhirVersion": "4.0.1",
  "mapping": [
    {
      "identity": "workflow",
      "uri": "http://hl7.org/fhir/workflow",
      "name": "Workflow Pattern"
    },
    {
      "identity": "sct-concept",
      "uri": "http://snomed.info/conceptdomain",
      "name": "SNOMED CT Concept Domain Binding"
    },
    {
      "identity": "v2",
      "uri": "http://hl7.org/v2",
      "name": "HL7 v2 Mapping"
    },
    {
      "identity": "rim",
      "uri": "http://hl7.org/v3",
      "name": "RIM Mapping"
    },
    {
      "identity": "w5",
      "uri": "http://hl7.org/fhir/fivews",
      "name": "FiveWs Pattern Mapping"
    },
    {
      "identity": "sct-attr",
      "uri": "http://snomed.org/attributebinding",
      "name": "SNOMED CT Attribute Binding"
    }
  ],
  "kind": "resource",
  "abstract": false,
  "type": "Observation",
  "baseDefinition": "http://hl7.org/fhir/StructureDefinition/Observation",
  "derivation": "constraint",
  "differential": {
    "element": [
      {
        "id": "Observation.category",
        "path": "Observation.category",
        "min": 1,
        "mustSupport": true
      },
      {
        "id": "Observation.category.coding",
        "path": "Observation.category.coding",
        "slicing": {
          "discriminator": [
            {
              "type": "pattern",
              "path": "$this"
            }
          ],
          "rules": "open"
        },
        "min": 1,
        "mustSupport": true
      },
      {
        "id": "Observation.category.coding:socialHistory",
        "path": "Observation.category.coding",
        "sliceName": "socialHistory",
        "min": 1,
        "max": "1",
        "patternCoding": {
          "code": "social-history",
          "system": "http://terminology.hl7.org/CodeSystem/observation-category"
        },
        "mustSupport": true
      },
      {
        "id": "Observation.category.coding:socialHistory.system",
        "path": "Observation.category.coding.system",
        "min": 1
      },
      {
        "id": "Observation.category.coding:socialHistory.code",
        "path": "Observation.category.coding.code",
        "min": 1
      },
      {
        "id": "Observation.code",
        "path": "Observation.code",
        "mustSupport": true
      },
      {
        "id": "Observation.code.coding",
        "path": "Observation.code.coding",
        "slicing": {
          "discriminator": [
            {
              "type": "pattern",
              "path": "$this"
            }
          ],
          "rules": "open"
        },
        "min": 1,
        "mustSupport": true
      },
      {
        "id": "Observation.code.coding:loinc",
        "path": "Observation.code.coding",
        "sliceName": "loinc",
        "min": 1,
        "max": "1",
        "patternCoding": {
          "code": "76689-9",
          "system": "http://loinc.org"
        },
        "mustSupport": true
      },
      {
        "id": "Observation.code.coding:loinc.system",
        "path": "Observation.code.coding.system",
        "min": 1
      },
      {
        "id": "Observation.code.coding:loinc.code",
        "path": "Observation.code.coding.code",
        "min": 1
      },
      {
        "id": "Observation.subject",
        "path": "Observation.subject",
        "min": 1,
        "type": [
          {
            "code": "Reference",
            "targetProfile": [
              "http://hl7.org/fhir/StructureDefinition/Patient",
              "http://hl7.org/fhir/StructureDefinition/Group"
            ]
          }
        ],
        "mustSupport": true
      },
      {
        "id": "Observation.value[x]",
        "path": "Observation.value[x]",
        "min": 1,
        "type": [
          {
            "code": "CodeableConcept"
          }
        ],
        "mustSupport": true,
        "binding": {
          "strength": "required",
          "valueSet": "https://www.netzwerk-universitaetsmedizin.de/fhir/ValueSet/birth-sex",
          "description": "Coded value for sex assigned at birth"
        }
      },
      {
        "id": "Observation.value[x].coding",
        "path": "Observation.value[x].coding",
        "min": 1
      },
      {
        "id": "Observation.value[x].coding.system",
        "path": "Observation.value[x].coding.system",
        "min": 1
      },
      {
        "id": "Observation.value[x].coding.code",
        "path": "Observation.value[x].coding.code",
        "min": 1
      },
      {
        "id": "Observation.bodySite",
        "path": "Observation.bodySite",
        "max": "0"
      },
      {
        "id": "Observation.specimen",
        "path": "Observation.specimen",
        "max": "0"
      }
    ]
  }
}