{
  "resourceType": "ValueSet",
  "status": "active",
  "name": "DrugTherapyOPS",
  "id": "pharmacological-therapy-ops",
  "title": "Pharmacological Therapy OPS",
  "description": "Pharmacological therapy in the context of Covid-19, relevant OPS-Codes",
  "version": "1.0.6",
  "url": "https://www.netzwerk-universitaetsmedizin.de/fhir/ValueSet/pharmacological-therapy-ops",
  "experimental": false,
  "publisher": "Berlin Institute of Health at Charité (BIH)",
  "contact": [
    {
      "telecom": [
        {
          "system": "url",
          "value": "https://www.bihealth.org/en/research/core-facilities/interoperability/"
        }
      ]
    }
  ],
  "meta": {
    "profile": [
      "http://hl7.org/fhir/StructureDefinition/shareablevalueset"
    ]
  },
  "extension": [
    {
      "url": "http://hl7.org/fhir/StructureDefinition/resource-effectivePeriod",
      "valuePeriod": {
        "start": "2020-05-29T15:04:32+02:00"
      }
    }
  ],
  "identifier": [
    {
      "use": "official",
      "system": "http://art-decor.org/ns/oids/vs",
      "value": "1.2.276.0.76.11.516"
    }
  ],
  "immutable": false,
  "compose": {
    "include": [
      {
        "system": "http://fhir.de/CodeSystem/bfarm/ops",
        "version": "2020",
        "concept": [
          {
            "code": "6-00a.g",
            "display": "Sarilumab, parenteral"
          },
          {
            "code": "6-005.8",
            "display": "Everolimus, oral"
          },
          {
            "code": "6-005.7",
            "display": "Certolizumab, parenteral"
          },
          {
            "code": "6-005.2",
            "display": "Golimumab, parenteral"
          },
          {
            "code": "6-006.7",
            "display": "Canakinumab, parenteral"
          },
          {
            "code": "6-009.4",
            "display": "Ruxolitinib, oral"
          }
        ]
      },
      {
        "system": "http://fhir.de/CodeSystem/bfarm/ops",
        "version": "2020",
        "filter": [
          {
            "property": "concept",
            "op": "is-a",
            "value": "6-005.m"
          }
        ]
      },
      {
        "system": "http://fhir.de/CodeSystem/bfarm/ops",
        "version": "2020",
        "filter": [
          {
            "property": "concept",
            "op": "is-a",
            "value": "6-005.n"
          }
        ]
      },
      {
        "system": "http://fhir.de/CodeSystem/bfarm/ops",
        "version": "2020",
        "filter": [
          {
            "property": "concept",
            "op": "is-a",
            "value": "6-004.e"
          }
        ]
      },
      {
        "system": "http://fhir.de/CodeSystem/bfarm/ops",
        "version": "2020",
        "filter": [
          {
            "property": "concept",
            "op": "is-a",
            "value": "6-001.d"
          }
        ]
      },
      {
        "system": "http://fhir.de/CodeSystem/bfarm/ops",
        "version": "2020",
        "filter": [
          {
            "property": "concept",
            "op": "is-a",
            "value": "6-002.b"
          }
        ]
      },
      {
        "system": "http://fhir.de/CodeSystem/bfarm/ops",
        "version": "2020",
        "filter": [
          {
            "property": "concept",
            "op": "is-a",
            "value": "6-001.e"
          }
        ]
      },
      {
        "system": "http://fhir.de/CodeSystem/bfarm/ops",
        "version": "2021",
        "concept": [
          {
            "code": "6-00a.g",
            "display": "Sarilumab, parenteral"
          },
          {
            "code": "6-005.8",
            "display": "Everolimus, oral"
          },
          {
            "code": "6-005.7",
            "display": "Certolizumab, parenteral"
          },
          {
            "code": "6-005.2",
            "display": "Golimumab, parenteral"
          },
          {
            "code": "6-006.7",
            "display": "Canakinumab, parenteral"
          },
          {
            "code": "6-009.4",
            "display": "Ruxolitinib, oral"
          }
        ]
      },
      {
        "system": "http://fhir.de/CodeSystem/bfarm/ops",
        "version": "2021",
        "filter": [
          {
            "property": "concept",
            "op": "is-a",
            "value": "6-005.m"
          }
        ]
      },
      {
        "system": "http://fhir.de/CodeSystem/bfarm/ops",
        "version": "2021",
        "filter": [
          {
            "property": "concept",
            "op": "is-a",
            "value": "6-005.n"
          }
        ]
      },
      {
        "system": "http://fhir.de/CodeSystem/bfarm/ops",
        "version": "2021",
        "filter": [
          {
            "property": "concept",
            "op": "is-a",
            "value": "6-004.e"
          }
        ]
      },
      {
        "system": "http://fhir.de/CodeSystem/bfarm/ops",
        "version": "2021",
        "filter": [
          {
            "property": "concept",
            "op": "is-a",
            "value": "6-001.d"
          }
        ]
      },
      {
        "system": "http://fhir.de/CodeSystem/bfarm/ops",
        "version": "2021",
        "filter": [
          {
            "property": "concept",
            "op": "is-a",
            "value": "6-002.b"
          }
        ]
      },
      {
        "system": "http://fhir.de/CodeSystem/bfarm/ops",
        "version": "2021",
        "filter": [
          {
            "property": "concept",
            "op": "is-a",
            "value": "6-001.e"
          }
        ]
      },
      {
        "system": "http://fhir.de/CodeSystem/bfarm/ops",
        "version": "2022",
        "concept": [
          {
            "code": "6-00a.g",
            "display": "Sarilumab, parenteral"
          },
          {
            "code": "6-005.8",
            "display": "Everolimus, oral"
          },
          {
            "code": "6-005.7",
            "display": "Certolizumab, parenteral"
          },
          {
            "code": "6-005.2",
            "display": "Golimumab, parenteral"
          },
          {
            "code": "6-006.7",
            "display": "Canakinumab, parenteral"
          },
          {
            "code": "6-009.4",
            "display": "Ruxolitinib, oral"
          }
        ]
      },
      {
        "system": "http://fhir.de/CodeSystem/bfarm/ops",
        "version": "2022",
        "filter": [
          {
            "property": "concept",
            "op": "is-a",
            "value": "6-005.m"
          }
        ]
      },
      {
        "system": "http://fhir.de/CodeSystem/bfarm/ops",
        "version": "2022",
        "filter": [
          {
            "property": "concept",
            "op": "is-a",
            "value": "6-005.n"
          }
        ]
      },
      {
        "system": "http://fhir.de/CodeSystem/bfarm/ops",
        "version": "2022",
        "filter": [
          {
            "property": "concept",
            "op": "is-a",
            "value": "6-004.e"
          }
        ]
      },
      {
        "system": "http://fhir.de/CodeSystem/bfarm/ops",
        "version": "2022",
        "filter": [
          {
            "property": "concept",
            "op": "is-a",
            "value": "6-001.d"
          }
        ]
      },
      {
        "system": "http://fhir.de/CodeSystem/bfarm/ops",
        "version": "2022",
        "filter": [
          {
            "property": "concept",
            "op": "is-a",
            "value": "6-002.b"
          }
        ]
      },
      {
        "system": "http://fhir.de/CodeSystem/bfarm/ops",
        "version": "2022",
        "filter": [
          {
            "property": "concept",
            "op": "is-a",
            "value": "6-001.e"
          }
        ]
      }
    ]
  }
}