{
  "resourceType": "ValueSet",
  "status": "active",
  "name": "OrgansForTransplant",
  "id": "organs-for-transplant",
  "title": "Organs for Transplantation",
  "description": "Organs in the context of transplantation",
  "version": "1.0.6",
  "url": "https://www.netzwerk-universitaetsmedizin.de/fhir/ValueSet/organs-for-transplant",
  "experimental": false,
  "publisher": "Berlin Institute of Health at Charité (BIH)",
  "contact": [
    {
      "telecom": [
        {
          "system": "url",
          "value": "https://www.bihealth.org/en/research/core-facilities/interoperability/"
        }
      ]
    }
  ],
  "meta": {
    "profile": [
      "http://hl7.org/fhir/StructureDefinition/shareablevalueset"
    ]
  },
  "extension": [
    {
      "url": "http://hl7.org/fhir/StructureDefinition/resource-effectivePeriod",
      "valuePeriod": {
        "start": "2020-04-30T21:38:08+02:00"
      }
    }
  ],
  "identifier": [
    {
      "use": "official",
      "system": "http://art-decor.org/ns/oids/vs",
      "value": "1.2.276.0.76.11.479"
    }
  ],
  "immutable": false,
  "copyright": "This artefact includes content from SNOMED Clinical Terms® (SNOMED CT®) which is copyright of the International Health Terminology Standards Development Organisation (IHTSDO). Implementers of these artefacts must have the appropriate SNOMED CT Affiliate license - for more information contact http://www.snomed.org/snomed-ct/getsnomed-ct or info@snomed.org.",
  "compose": {
    "include": [
      {
        "system": "http://snomed.info/sct",
        "concept": [
          {
            "code": "302509004",
            "display": "Entire heart (body structure)"
          },
          {
            "code": "181216001",
            "display": "Entire lung (body structure)"
          },
          {
            "code": "181268008",
            "display": "Entire liver (body structure)"
          },
          {
            "code": "181414000",
            "display": "Entire kidney (body structure)"
          },
          {
            "code": "181277001",
            "display": "Entire pancreas (body structure)"
          },
          {
            "code": "113276009",
            "display": "Intestinal structure (body structure)"
          },
          {
            "code": "181250005",
            "display": "Entire small intestine (body structure)"
          },
          {
            "code": "181254001",
            "display": "Entire large intestine (body structure)"
          },
          {
            "code": "119181002",
            "display": "Skin part (body structure)"
          },
          {
            "code": "181162001",
            "display": "Entire cornea (body structure)"
          },
          {
            "code": "41845008",
            "display": "Ear ossicle structure (body structure)"
          },
          {
            "code": "181285005",
            "display": "Entire heart valve (body structure)"
          },
          {
            "code": "119206002",
            "display": "Blood vessel part (body structure)"
          },
          {
            "code": "8935007",
            "display": "Cerebral meninges structure (body structure)"
          },
          {
            "code": "3138006",
            "display": "Bone (tissue) structure (body structure)"
          },
          {
            "code": "309312004",
            "display": "Cartilage tissue (body structure)"
          },
          {
            "code": "13024002",
            "display": "Tendon structure (body structure)"
          }
        ]
      }
    ]
  }
}