{
  "resourceType": "ValueSet",
  "status": "draft",
  "name": "VaccinationSubstancesCombined",
  "id": "gecco-valueset-vaccination-substances-combined-v106",
  "title": "Vaccination Substances Combined",
  "description": "Vaccination substances combined from mulitple ValueSets and terminologies.",
  "version": "1.0.6",
  "url": "https://www.netzwerk-universitaetsmedizin.de/fhir/ValueSet/vaccination-substances-combined",
  "meta": {
    "profile": [
      "http://hl7.org/fhir/StructureDefinition/shareablevalueset"
    ]
  },
  "date": "2021-10-01T00:00:00.000Z",
  "experimental": false,
  "publisher": "UKSH Lübeck",
  "copyright": "This artefact includes content from SNOMED Clinical Terms® (SNOMED CT®) which is copyright of the International Health Terminology Standards Development Organisation (IHTSDO). Implementers of these artefacts must have the appropriate SNOMED CT Affiliate license - for more information contact http://www.snomed.org/snomed-ct/getsnomed-ct or info@snomed.org.",
  "compose": {
    "include": [
      {
        "valueSet": [
          "https://www.netzwerk-universitaetsmedizin.de/fhir/ValueSet/vaccines-snomed"
        ]
      },
      {
        "valueSet": [
          "https://www.netzwerk-universitaetsmedizin.de/fhir/ValueSet/vaccines-atc"
        ]
      },
      {
        "valueSet": [
          "http://fhir.de/ValueSet/ifa/pzn"
        ]
      },
      {
        "valueSet": [
          "http://hl7.org/fhir/uv/ips/ValueSet/absent-or-unknown-immunizations-uv-ips"
        ]
      }
    ]
  }
}