{
  "resourceType": "ValueSet",
  "status": "active",
  "name": "HumanImmunodeficiencyVirusInfectionsICD",
  "id": "human-immunodeficiency-virus-infections-icd",
  "title": "Human Immunodeficiency Virus Infections ICD-10-GM",
  "description": "HIV infections in the context of Covid-19 from ICD-10-GM",
  "version": "1.0.6",
  "url": "https://www.netzwerk-universitaetsmedizin.de/fhir/ValueSet/human-immunodeficiency-virus-infections-icd",
  "experimental": false,
  "publisher": "Berlin Institute of Health at Charité (BIH)",
  "contact": [
    {
      "telecom": [
        {
          "system": "url",
          "value": "https://www.bihealth.org/en/research/core-facilities/interoperability/"
        }
      ]
    }
  ],
  "meta": {
    "profile": [
      "http://hl7.org/fhir/StructureDefinition/shareablevalueset"
    ]
  },
  "extension": [
    {
      "url": "http://hl7.org/fhir/StructureDefinition/resource-effectivePeriod",
      "valuePeriod": {
        "start": "2020-07-09T15:23:45+02:00"
      }
    }
  ],
  "identifier": [
    {
      "use": "official",
      "system": "http://art-decor.org/ns/oids/vs",
      "value": "1.2.276.0.76.11.532"
    }
  ],
  "immutable": false,
  "compose": {
    "include": [
      {
        "system": "http://fhir.de/CodeSystem/bfarm/icd-10-gm",
        "version": "2020",
        "concept": [
          {
            "code": "B20",
            "display": "Infektiöse und parasitäre Krankheiten infolge HIV-Krankheit [Humane Immundefizienz-Viruskrankheit]"
          },
          {
            "code": "B21",
            "display": "Bösartige Neubildungen infolge HIV-Krankheit [Humane Immundefizienz-Viruskrankheit]"
          },
          {
            "code": "B22",
            "display": "Sonstige näher bezeichnete Krankheiten infolge HIV-Krankheit [Humane Immundefizienz-Viruskrankheit]"
          },
          {
            "code": "B24",
            "display": "Nicht näher bezeichnete HIV-Krankheit [Humane Immundefizienz-Viruskrankheit]"
          }
        ]
      },
      {
        "system": "http://fhir.de/CodeSystem/bfarm/icd-10-gm",
        "version": "2020",
        "filter": [
          {
            "property": "concept",
            "op": "is-a",
            "value": "B23"
          }
        ]
      },
      {
        "system": "http://fhir.de/CodeSystem/bfarm/icd-10-gm",
        "version": "2021",
        "concept": [
          {
            "code": "B20",
            "display": "Infektiöse und parasitäre Krankheiten infolge HIV-Krankheit [Humane Immundefizienz-Viruskrankheit]"
          },
          {
            "code": "B21",
            "display": "Bösartige Neubildungen infolge HIV-Krankheit [Humane Immundefizienz-Viruskrankheit]"
          },
          {
            "code": "B22",
            "display": "Sonstige näher bezeichnete Krankheiten infolge HIV-Krankheit [Humane Immundefizienz-Viruskrankheit]"
          },
          {
            "code": "B24",
            "display": "Nicht näher bezeichnete HIV-Krankheit [Humane Immundefizienz-Viruskrankheit]"
          }
        ]
      },
      {
        "system": "http://fhir.de/CodeSystem/bfarm/icd-10-gm",
        "version": "2021",
        "filter": [
          {
            "property": "concept",
            "op": "is-a",
            "value": "B23"
          }
        ]
      },
      {
        "system": "http://fhir.de/CodeSystem/bfarm/icd-10-gm",
        "version": "2022",
        "concept": [
          {
            "code": "B20",
            "display": "Infektiöse und parasitäre Krankheiten infolge HIV-Krankheit [Humane Immundefizienz-Viruskrankheit]"
          },
          {
            "code": "B21",
            "display": "Bösartige Neubildungen infolge HIV-Krankheit [Humane Immundefizienz-Viruskrankheit]"
          },
          {
            "code": "B22",
            "display": "Sonstige näher bezeichnete Krankheiten infolge HIV-Krankheit [Humane Immundefizienz-Viruskrankheit]"
          },
          {
            "code": "B24",
            "display": "Nicht näher bezeichnete HIV-Krankheit [Humane Immundefizienz-Viruskrankheit]"
          }
        ]
      },
      {
        "system": "http://fhir.de/CodeSystem/bfarm/icd-10-gm",
        "version": "2022",
        "filter": [
          {
            "property": "concept",
            "op": "is-a",
            "value": "B23"
          }
        ]
      }
    ]
  }
}