{
  "resourceType": "ValueSet",
  "status": "active",
  "name": "RadiologicFindings",
  "id": "radiology-findings",
  "title": "Radiology Findings",
  "description": "Radiology findings in the context of Covid-19",
  "version": "1.0.6",
  "url": "https://www.netzwerk-universitaetsmedizin.de/fhir/ValueSet/radiology-findings",
  "experimental": false,
  "publisher": "Berlin Institute of Health at Charité (BIH)",
  "contact": [
    {
      "telecom": [
        {
          "system": "url",
          "value": "https://www.bihealth.org/en/research/core-facilities/interoperability/"
        }
      ]
    }
  ],
  "meta": {
    "profile": [
      "http://hl7.org/fhir/StructureDefinition/shareablevalueset"
    ]
  },
  "extension": [
    {
      "url": "http://hl7.org/fhir/StructureDefinition/resource-effectivePeriod",
      "valuePeriod": {
        "start": "2020-05-03T16:03:42+02:00"
      }
    },
    {
      "url": "http://hl7.org/fhir/StructureDefinition/valueset-supplement",
      "valueCanonical": "https://www.netzwerk-universitaetsmedizin.de/fhir/CodeSystem/snomed-pce-supplement|1.0.6"
    }
  ],
  "identifier": [
    {
      "use": "official",
      "system": "http://art-decor.org/ns/oids/vs",
      "value": "1.2.276.0.76.11.488"
    }
  ],
  "immutable": false,
  "copyright": "This artefact includes content from SNOMED Clinical Terms® (SNOMED CT®) which is copyright of the International Health Terminology Standards Development Organisation (IHTSDO). Implementers of these artefacts must have the appropriate SNOMED CT Affiliate license - for more information contact http://www.snomed.org/snomed-ct/getsnomed-ct or info@snomed.org.",
  "compose": {
    "include": [
      {
        "system": "http://snomed.info/sct",
        "concept": [
          {
            "code": "118247008:{363713009=373068000}",
            "display": "|Radiologic finding (finding)|:|Has interpretation (attribute)|=|Undetermined (qualifier value)|"
          },
          {
            "code": "118247008:{363713009=263654008,42752001=840539006}",
            "display": "|Radiologic finding (finding)|:{|Has interpretation (attribute)|=|Abnormal (qualifier value)|,|Due to (attribute)|=|Disease caused by severe acute respiratory syndrome coronavirus 2 (disorder)|}"
          },
          {
            "code": "118247008:{363713009=17621005}",
            "display": "|Radiologic finding (finding)|:|Has interpretation (attribute)|=|Normal (qualifier value)|"
          }
        ]
      }
    ]
  }
}