{
  "resourceType": "ValueSet",
  "status": "active",
  "name": "DetectedNotDetectedInconclusive",
  "id": "detected-not-detected-inconclusive",
  "title": "Detected Not-detected Inconclusive",
  "description": "A set of codes representing the result of a test as detected, not detected, or inconclusive.",
  "version": "1.0.6",
  "url": "https://www.netzwerk-universitaetsmedizin.de/fhir/ValueSet/detected-not-detected-inconclusive",
  "experimental": false,
  "publisher": "Berlin Institute of Health at Charité (BIH)",
  "contact": [
    {
      "telecom": [
        {
          "system": "url",
          "value": "https://www.bihealth.org/en/research/core-facilities/interoperability/"
        }
      ]
    }
  ],
  "meta": {
    "profile": [
      "http://hl7.org/fhir/StructureDefinition/shareablevalueset"
    ]
  },
  "extension": [
    {
      "url": "http://hl7.org/fhir/StructureDefinition/resource-effectivePeriod",
      "valuePeriod": {
        "start": "2020-06-09T16:18:52+02:00"
      }
    }
  ],
  "identifier": [
    {
      "use": "official",
      "system": "http://art-decor.org/ns/oids/vs",
      "value": "1.2.276.0.76.11.522"
    }
  ],
  "immutable": false,
  "copyright": "This artefact includes content from SNOMED Clinical Terms® (SNOMED CT®) which is copyright of the International Health Terminology Standards Development Organisation (IHTSDO). Implementers of these artefacts must have the appropriate SNOMED CT Affiliate license - for more information contact http://www.snomed.org/snomed-ct/getsnomed-ct or info@snomed.org.",
  "compose": {
    "include": [
      {
        "system": "http://snomed.info/sct",
        "concept": [
          {
            "code": "260373001",
            "display": "Detected (qualifier value)"
          },
          {
            "code": "260415000",
            "display": "Not detected (qualifier value)"
          },
          {
            "code": "419984006",
            "display": "Inconclusive (qualifier value)"
          }
        ]
      }
    ]
  }
}