{
  "resourceType": "Condition",
  "id": "a1f9e0ca-10d3-48a1-8ba5-021d84a80d8d",
  "meta": {
    "profile": [
      "https://www.netzwerk-universitaetsmedizin.de/fhir/StructureDefinition/human-immunodeficiency-virus-infection"
    ]
  },
  "clinicalStatus": {
    "coding": [
      {
        "system": "http://terminology.hl7.org/CodeSystem/condition-clinical",
        "code": "active",
        "display": "Active"
      }
    ]
  },
  "verificationStatus": {
    "coding": [
      {
        "system": "http://terminology.hl7.org/CodeSystem/condition-ver-status",
        "code": "confirmed",
        "display": "Confirmed"
      },
      {
        "system": "http://snomed.info/sct",
        "code": "410605003",
        "display": "Confirmed present (qualifier value)"
      }
    ]
  },
  "category": [
    {
      "coding": [
        {
          "system": "http://snomed.info/sct",
          "code": "394807007",
          "display": "Infectious diseases (specialty)"
        }
      ]
    }
  ],
  "code": {
    "coding": [
      {
        "system": "http://snomed.info/sct",
        "code": "86406008",
        "display": "Human immunodeficiency virus infection"
      }
    ]
  },
  "subject": {
    "reference": "Patient/c786ac3c-0579-4aa2-adda-db784b214ad6"
  },
  "recordedDate": "2020-10-06"
}