{
  "resourceType": "Condition",
  "id": "8cb12ab0-3563-4154-bfeb-25aa897c2105",
  "meta": {
    "profile": [
      "https://www.netzwerk-universitaetsmedizin.de/fhir/StructureDefinition/symptoms-covid-19"
    ]
  },
  "modifierExtension": [
    {
      "url": "https://www.netzwerk-universitaetsmedizin.de/fhir/StructureDefinition/uncertainty-of-presence",
      "valueCodeableConcept": {
        "coding": [
          {
            "system": "http://snomed.info/sct",
            "code": "261665006",
            "display": "Unknown (qualifier value)"
          }
        ],
        "text": "Presence of symptom is unknown."
      }
    }
  ],
  "category": [
    {
      "coding": [
        {
          "system": "http://loinc.org",
          "code": "75325-1",
          "display": "Symptom"
        }
      ]
    }
  ],
  "code": {
    "coding": [
      {
        "system": "http://snomed.info/sct",
        "code": "36955009",
        "display": "Loss of taste"
      }
    ]
  },
  "subject": {
    "reference": "Patient/c786ac3c-0579-4aa2-adda-db784b214ad6"
  },
  "recordedDate": "2020-10-05"
}