{
  "resourceType": "Condition",
  "id": "c8acca90-00ba-4ff4-9dcd-0976a665ef99",
  "meta": {
    "profile": [
      "https://www.netzwerk-universitaetsmedizin.de/fhir/StructureDefinition/human-immunodeficiency-virus-infection"
    ]
  },
  "modifierExtension": [
    {
      "url": "https://www.netzwerk-universitaetsmedizin.de/fhir/StructureDefinition/uncertainty-of-presence",
      "valueCodeableConcept": {
        "coding": [
          {
            "system": "http://snomed.info/sct",
            "code": "261665006",
            "display": "Unknown (qualifier value)"
          }
        ],
        "text": "Presence of condition is unknown."
      }
    }
  ],
  "category": [
    {
      "coding": [
        {
          "system": "http://snomed.info/sct",
          "code": "394807007",
          "display": "Infectious diseases (specialty)"
        }
      ]
    }
  ],
  "code": {
    "coding": [
      {
        "system": "http://snomed.info/sct",
        "code": "86406008",
        "display": "Human immunodeficiency virus infection"
      }
    ]
  },
  "subject": {
    "reference": "Patient/c786ac3c-0579-4aa2-adda-db784b214ad6"
  },
  "recordedDate": "2020-10-06"
}