{
  "resourceType": "Condition",
  "id": "74962b89-f656-4f05-83af-2356667b45e4",
  "meta": {
    "profile": [
      "https://www.netzwerk-universitaetsmedizin.de/fhir/StructureDefinition/symptoms-covid-19"
    ]
  },
  "verificationStatus": {
    "coding": [
      {
        "system": "http://terminology.hl7.org/CodeSystem/condition-ver-status",
        "code": "refuted",
        "display": "Refuted"
      },
      {
        "system": "http://snomed.info/sct",
        "code": "410594000",
        "display": "Definitely NOT present (qualifier value)"
      }
    ]
  },
  "category": [
    {
      "coding": [
        {
          "system": "http://loinc.org",
          "code": "75325-1",
          "display": "Symptom"
        }
      ]
    }
  ],
  "code": {
    "coding": [
      {
        "system": "http://snomed.info/sct",
        "code": "40917007",
        "display": "Clouded consciousness"
      }
    ]
  },
  "subject": {
    "reference": "Patient/c786ac3c-0579-4aa2-adda-db784b214ad6"
  },
  "recordedDate": "2020-10-05"
}