{
  "resourceType": "Condition",
  "id": "9dd879de-267d-4c40-a65f-b87ffccc2663",
  "meta": {
    "profile": [
      "https://www.netzwerk-universitaetsmedizin.de/fhir/StructureDefinition/cardiovascular-diseases"
    ]
  },
  "clinicalStatus": {
    "coding": [
      {
        "system": "http://terminology.hl7.org/CodeSystem/condition-clinical",
        "code": "active",
        "display": "Active"
      }
    ]
  },
  "verificationStatus": {
    "coding": [
      {
        "system": "http://terminology.hl7.org/CodeSystem/condition-ver-status",
        "code": "confirmed",
        "display": "Confirmed"
      },
      {
        "system": "http://snomed.info/sct",
        "code": "410605003",
        "display": "Confirmed present (qualifier value)"
      }
    ]
  },
  "category": [
    {
      "coding": [
        {
          "system": "http://snomed.info/sct",
          "code": "722414000",
          "display": "Vascular medicine"
        }
      ]
    }
  ],
  "code": {
    "coding": [
      {
        "system": "http://snomed.info/sct",
        "code": "38341003",
        "display": "Hypertensive disorder"
      }
    ]
  },
  "subject": {
    "reference": "Patient/c786ac3c-0579-4aa2-adda-db784b214ad6"
  },
  "recordedDate": "2020-10-06"
}