{
  "resourceType": "Condition",
  "id": "3c44562a-a66e-4b3c-95d6-ea78173c852f",
  "meta": {
    "profile": [
      "https://www.netzwerk-universitaetsmedizin.de/fhir/StructureDefinition/chronic-liver-diseases"
    ]
  },
  "verificationStatus": {
    "coding": [
      {
        "system": "http://terminology.hl7.org/CodeSystem/condition-ver-status",
        "code": "refuted",
        "display": "Refuted"
      },
      {
        "system": "http://snomed.info/sct",
        "code": "410594000",
        "display": "Definitely NOT present (qualifier value)"
      }
    ]
  },
  "category": [
    {
      "coding": [
        {
          "system": "http://snomed.info/sct",
          "code": "408472002",
          "display": "Hepatology"
        }
      ]
    }
  ],
  "code": {
    "coding": [
      {
        "system": "http://snomed.info/sct",
        "code": "235890007",
        "display": "Autoimmune liver disease"
      }
    ]
  },
  "subject": {
    "reference": "Patient/c786ac3c-0579-4aa2-adda-db784b214ad6"
  },
  "recordedDate": "2020-10-06"
}