{
  "resourceType": "DiagnosticReport",
  "id": "29cd7bc6-2b7b-44b9-8242-3d05fabd3e6a",
  "meta": {
    "profile": [
      "https://www.netzwerk-universitaetsmedizin.de/fhir/StructureDefinition/diagnostic-report-radiology"
    ]
  },
  "status": "final",
  "category": [
    {
      "coding": [
        {
          "system": "http://loinc.org",
          "code": "18726-0",
          "display": "Radiology studies (set)"
        },
        {
          "system": "http://terminology.hl7.org/CodeSystem/v2-0074",
          "code": "RAD",
          "display": "Radiology"
        }
      ]
    }
  ],
  "code": {
    "coding": [
      {
        "system": "http://loinc.org",
        "code": "18748-4",
        "display": "Diagnostic imaging study"
      }
    ]
  },
  "subject": {
    "reference": "Patient/c786ac3c-0579-4aa2-adda-db784b214ad6"
  },
  "effectiveDateTime": "2020-09-30",
  "conclusion": "Unspezifischer Befund",
  "conclusionCode": [
    {
      "coding": [
        {
          "system": "http://snomed.info/sct",
          "code": "118247008:{363713009=373068000}",
          "display": "|Radiologic finding (finding)|:|Has interpretation (attribute)|=|Undetermined (qualifier value)|"
        }
      ]
    }
  ]
}