{
  "resourceType": "Observation",
  "id": "example-observation-frailty-score",
  "meta": {
    "profile": [
      "https://www.netzwerk-universitaetsmedizin.de/fhir/StructureDefinition/frailty-score"
    ]
  },
  "status": "final",
  "category": [
    {
      "coding": [
        {
          "system": "http://terminology.hl7.org/CodeSystem/observation-category",
          "code": "survey"
        }
      ]
    }
  ],
  "code": {
    "coding": [
      {
        "system": "http://snomed.info/sct",
        "code": "763264000",
        "display": "Canadian Study of Health and Aging Clinical Frailty Scale score"
      }
    ],
    "text": "Frailty Scale Score"
  },
  "subject": {
    "reference": "Patient/example"
  },
  "effectiveDateTime": "2020-06-16",
  "valueCodeableConcept": {
    "coding": [
      {
        "system": "https://www.netzwerk-universitaetsmedizin.de/fhir/CodeSystem/frailty-score",
        "code": "5",
        "display": "Mildly Frail"
      }
    ]
  },
  "method": {
    "coding": [
      {
        "system": "http://snomed.info/sct",
        "code": "445414007",
        "display": "Canadian Study of Health and Aging clinical frailty scale (assessment scale)"
      }
    ]
  }
}