{
  "resourceType": "Observation",
  "id": "71e371b6-b801-4387-bd36-ea015b2df658",
  "meta": {
    "profile": [
      "https://www.netzwerk-universitaetsmedizin.de/fhir/StructureDefinition/sofa-score"
    ]
  },
  "identifier": [
    {
      "type": {
        "coding": [
          {
            "system": "http://terminology.hl7.org/CodeSystem/v2-0203",
            "code": "OBI"
          }
        ]
      },
      "system": "https://www.charite.de/fhir/CodeSystem/observation-identifiers",
      "value": "06_SOFA-Score",
      "assigner": {
        "reference": "Organization/Charité"
      }
    }
  ],
  "status": "final",
  "category": [
    {
      "coding": [
        {
          "system": "http://terminology.hl7.org/CodeSystem/observation-category",
          "code": "survey"
        }
      ]
    }
  ],
  "code": {
    "coding": [
      {
        "system": "https://www.netzwerk-universitaetsmedizin.de/fhir/CodeSystem/ecrf-parameter-codes",
        "code": "06",
        "display": "SOFA-Score"
      }
    ],
    "text": "Sepsis-related organ failure assessment score"
  },
  "subject": {
    "reference": "Patient/0b63ab84-8df0-4e18-bce9-b84067005c7b"
  },
  "effectiveDateTime": "2020-11-30T11:04:49+01:00",
  "valueInteger": 15
}