{
  "resourceType": "Observation",
  "id": "4b5cfc04-0d92-47f6-8bd0-be820286db01",
  "meta": {
    "profile": [
      "https://www.netzwerk-universitaetsmedizin.de/fhir/StructureDefinition/frailty-score"
    ]
  },
  "identifier": [
    {
      "type": {
        "coding": [
          {
            "system": "http://terminology.hl7.org/CodeSystem/v2-0203",
            "code": "OBI"
          }
        ]
      },
      "system": "https://www.charite.de/fhir/CodeSystem/observation-identifiers",
      "value": "763264000_FrailtyScaleScore",
      "assigner": {
        "reference": "Organization/Charité"
      }
    }
  ],
  "status": "final",
  "category": [
    {
      "coding": [
        {
          "system": "http://terminology.hl7.org/CodeSystem/observation-category",
          "code": "survey"
        }
      ]
    }
  ],
  "code": {
    "coding": [
      {
        "system": "http://snomed.info/sct",
        "code": "763264000",
        "display": "Canadian Study of Health and Aging Clinical Frailty Scale score"
      }
    ],
    "text": "Frailty Scale Score"
  },
  "subject": {
    "reference": "Patient/c786ac3c-0579-4aa2-adda-db784b214ad6"
  },
  "effectiveDateTime": "2020-10-02",
  "valueCodeableConcept": {
    "coding": [
      {
        "system": "https://www.netzwerk-universitaetsmedizin.de/fhir/CodeSystem/frailty-score",
        "code": "7",
        "display": "Severely Frail"
      }
    ]
  },
  "method": {
    "coding": [
      {
        "system": "http://snomed.info/sct",
        "code": "445414007",
        "display": "Canadian Study of Health and Aging clinical frailty scale"
      }
    ]
  }
}