{
  "resourceType": "Observation",
  "id": "23499ea6-d046-4e91-b7ab-d9cf040add72",
  "meta": {
    "profile": [
      "https://www.netzwerk-universitaetsmedizin.de/fhir/StructureDefinition/body-height"
    ]
  },
  "identifier": [
    {
      "type": {
        "coding": [
          {
            "system": "http://terminology.hl7.org/CodeSystem/v2-0203",
            "code": "OBI"
          }
        ]
      },
      "system": "https://www.charite.de/fhir/CodeSystem/observation-identifiers",
      "value": "8302-2_BodyHeight",
      "assigner": {
        "reference": "Organization/Charité"
      }
    }
  ],
  "status": "final",
  "category": [
    {
      "coding": [
        {
          "system": "http://terminology.hl7.org/CodeSystem/observation-category",
          "code": "vital-signs"
        }
      ]
    }
  ],
  "code": {
    "coding": [
      {
        "system": "http://loinc.org",
        "code": "8302-2",
        "display": "Body height"
      },
      {
        "system": "http://snomed.info/sct",
        "code": "1153637007",
        "display": "Body height (observable entity)"
      }
    ],
    "text": "Body height"
  },
  "subject": {
    "reference": "Patient/c786ac3c-0579-4aa2-adda-db784b214ad6"
  },
  "effectiveDateTime": "2020-10-02",
  "valueQuantity": {
    "value": 167,
    "unit": "centimeter",
    "system": "http://unitsofmeasure.org",
    "code": "cm"
  }
}