{
  "resourceType": "Patient",
  "id": "c786ac3c-0579-4aa2-adda-db784b214ad6",
  "meta": {
    "profile": [
      "https://www.netzwerk-universitaetsmedizin.de/fhir/StructureDefinition/Patient"
    ]
  },
  "extension": [
    {
      "url": "https://www.netzwerk-universitaetsmedizin.de/fhir/StructureDefinition/ethnic-group",
      "valueCoding": {
        "system": "http://snomed.info/sct",
        "code": "26242008",
        "display": "Mixed (qualifier value)"
      }
    },
    {
      "extension": [
        {
          "url": "dateTimeOfDocumentation",
          "valueDateTime": "2020-10-01"
        },
        {
          "url": "age",
          "valueAge": {
            "value": 67,
            "unit": "years",
            "system": "http://unitsofmeasure.org",
            "code": "a"
          }
        }
      ],
      "url": "https://www.netzwerk-universitaetsmedizin.de/fhir/StructureDefinition/age"
    }
  ],
  "birthDate": "1953-09-30"
}