{
  "resourceType": "Observation",
  "id": "a9d2f75a-7782-4d55-8284-0dcfbf21b8e7",
  "meta": {
    "profile": [
      "https://www.netzwerk-universitaetsmedizin.de/fhir/StructureDefinition/sex-assigned-at-birth"
    ]
  },
  "status": "final",
  "category": [
    {
      "coding": [
        {
          "system": "http://terminology.hl7.org/CodeSystem/observation-category",
          "code": "social-history",
          "display": "Social History"
        }
      ]
    }
  ],
  "code": {
    "coding": [
      {
        "system": "http://loinc.org",
        "code": "76689-9",
        "display": "Sex assigned at birth"
      }
    ]
  },
  "subject": {
    "reference": "Patient/c786ac3c-0579-4aa2-adda-db784b214ad6"
  },
  "effectiveDateTime": "2020-10-26T10:51:48+01:00",
  "valueCodeableConcept": {
    "coding": [
      {
        "system": "http://hl7.org/fhir/administrative-gender",
        "code": "female",
        "display": "Female"
      }
    ],
    "text": "Female"
  }
}