{
  "resourceType": "Observation",
  "id": "example-observation-bp-invasive",
  "meta": {
    "profile": [
      "https://www.netzwerk-universitaetsmedizin.de/fhir/StructureDefinition/blood-pressure"
    ]
  },
  "identifier": [
    {
      "type": {
        "coding": [
          {
            "system": "http://terminology.hl7.org/CodeSystem/v2-0203",
            "code": "OBI"
          }
        ]
      },
      "system": "https://www.charite.de/fhir/CodeSystem/observation-identifiers",
      "value": "85354-9_BloodPressure",
      "assigner": {
        "reference": "Organization/Charité"
      }
    }
  ],
  "status": "final",
  "category": [
    {
      "coding": [
        {
          "system": "http://terminology.hl7.org/CodeSystem/observation-category",
          "code": "vital-signs"
        }
      ]
    }
  ],
  "code": {
    "coding": [
      {
        "system": "http://loinc.org",
        "code": "85354-9",
        "display": "Blood pressure panel with all children optional"
      },
      {
        "system": "http://snomed.info/sct",
        "code": "75367002",
        "display": "Blood pressure (observable entity)"
      }
    ],
    "text": "Blood pressure invasive"
  },
  "subject": {
    "reference": "Patient/c786ac3c-0579-4aa2-adda-db784b214ad6"
  },
  "effectiveDateTime": "2021-04-14",
  "method": {
    "coding": [
      {
        "system": "http://snomed.info/sct",
        "code": "10179008",
        "display": "Invasive (qualifier value)"
      }
    ]
  },
  "component": [
    {
      "code": {
        "coding": [
          {
            "system": "http://loinc.org",
            "code": "8480-6",
            "display": "Systolic blood pressure"
          },
          {
            "system": "http://loinc.org",
            "code": "76215-3",
            "display": "Invasive Systolic blood pressure"
          },
          {
            "system": "http://snomed.info/sct",
            "code": "271649006",
            "display": "Systolic blood pressure"
          },
          {
            "system": "http://snomed.info/sct",
            "code": "251071003",
            "display": "Invasive systolic arterial pressure (observable entity)"
          }
        ],
        "text": "Invasive systolic blood pressure"
      },
      "valueQuantity": {
        "value": 136,
        "unit": "mmHg",
        "system": "http://unitsofmeasure.org",
        "code": "mm[Hg]"
      }
    },
    {
      "code": {
        "coding": [
          {
            "system": "http://loinc.org",
            "code": "8462-4",
            "display": "Diastolic blood pressure"
          },
          {
            "system": "http://loinc.org",
            "code": "76213-8",
            "display": "Invasive Diastolic blood pressure"
          },
          {
            "system": "http://snomed.info/sct",
            "code": "271650006",
            "display": "Diastolic blood pressure (observable entity)"
          },
          {
            "system": "http://snomed.info/sct",
            "code": "251073000",
            "display": "Invasive diastolic arterial pressure (observable entity)"
          }
        ],
        "text": "Invasive diastolic blood pressure"
      },
      "valueQuantity": {
        "value": 87,
        "unit": "mmHg",
        "system": "http://unitsofmeasure.org",
        "code": "mm[Hg]"
      }
    }
  ]
}