{
  "resourceType": "Procedure",
  "id": "7ce8bfe6-6a36-4f59-942f-7a76906e5c74",
  "meta": {
    "profile": [
      "https://www.netzwerk-universitaetsmedizin.de/fhir/StructureDefinition/respiratory-therapies"
    ]
  },
  "status": "in-progress",
  "category": {
    "coding": [
      {
        "system": "http://snomed.info/sct",
        "code": "277132007",
        "display": "Therapeutic procedure (procedure)"
      }
    ]
  },
  "code": {
    "coding": [
      {
        "system": "http://snomed.info/sct",
        "code": "428311008",
        "display": "Noninvasive ventilation (procedure)"
      }
    ],
    "text": "Non-invasive ventilation"
  },
  "subject": {
    "reference": "Patient/c786ac3c-0579-4aa2-adda-db784b214ad6"
  },
  "_performedDateTime": {
    "extension": [
      {
        "url": "http://hl7.org/fhir/StructureDefinition/data-absent-reason",
        "valueCode": "unknown"
      }
    ]
  }
}