{
  "resourceType": "Observation",
  "id": "body-temperature",
  "meta": {
    "profile": [
      "https://www.netzwerk-universitaetsmedizin.de/fhir/StructureDefinition/body-temperature"
    ]
  },
  "category": [
    {
      "coding": [
        {
          "code": "vital-signs",
          "system": "http://terminology.hl7.org/CodeSystem/observation-category"
        }
      ]
    }
  ],
  "code": {
    "coding": [
      {
        "code": "8310-5",
        "system": "http://loinc.org",
        "display": "Body temperature"
      },
      {
        "code": "386725007",
        "system": "http://snomed.info/sct",
        "display": "Body temperature (observable entity)"
      }
    ],
    "text": "Body temperature"
  },
  "valueQuantity": {
    "system": "http://unitsofmeasure.org",
    "code": "Cel",
    "value": 36.8,
    "unit": "°C"
  },
  "identifier": [
    {
      "type": {
        "coding": [
          {
            "code": "OBI",
            "system": "http://terminology.hl7.org/CodeSystem/v2-0203"
          }
        ]
      },
      "system": "https://www.charite.de/fhir/CodeSystem/observation-identifiers",
      "value": "8310-5_BodyTemperature",
      "assigner": {
        "reference": "Organization/Charité"
      }
    }
  ],
  "status": "final",
  "subject": {
    "reference": "Patient/gecco-patient"
  },
  "effectiveDateTime": "2020-09-25"
}