{
  "resourceType": "ValueSet",
  "status": "active",
  "name": "ChronicLiverDiseases",
  "id": "chronic-liver-diseases",
  "title": "Chronic-Liver-Diseases",
  "description": "Chronic liver diseases in the context of Covid-19",
  "version": "1.0.6",
  "url": "https://www.netzwerk-universitaetsmedizin.de/fhir/ValueSet/chronic-liver-diseases",
  "experimental": false,
  "publisher": "Berlin Institute of Health at Charité (BIH)",
  "contact": [
    {
      "telecom": [
        {
          "system": "url",
          "value": "https://www.bihealth.org/en/research/core-facilities/interoperability/"
        }
      ]
    }
  ],
  "meta": {
    "profile": [
      "http://hl7.org/fhir/StructureDefinition/shareablevalueset"
    ]
  },
  "extension": [
    {
      "url": "http://hl7.org/fhir/StructureDefinition/resource-effectivePeriod",
      "valuePeriod": {
        "start": "2020-04-25T21:50:02+02:00"
      }
    }
  ],
  "identifier": [
    {
      "use": "official",
      "system": "http://art-decor.org/ns/oids/vs",
      "value": "1.2.276.0.76.11.472"
    }
  ],
  "immutable": false,
  "copyright": "This artefact includes content from SNOMED Clinical Terms® (SNOMED CT®) which is copyright of the International Health Terminology Standards Development Organisation (IHTSDO). Implementers of these artefacts must have the appropriate SNOMED CT Affiliate license - for more information contact http://www.snomed.org/snomed-ct/getsnomed-ct or info@snomed.org.",
  "compose": {
    "include": [
      {
        "system": "http://snomed.info/sct",
        "concept": [
          {
            "code": "197321007",
            "display": "Steatosis of liver (disorder)"
          },
          {
            "code": "19943007",
            "display": "Cirrhosis of liver (disorder)"
          },
          {
            "code": "10295004",
            "display": "Chronic viral hepatitis (disorder)"
          },
          {
            "code": "235890007",
            "display": "Autoimmune liver disease (disorder)"
          }
        ]
      },
      {
        "system": "http://snomed.info/sct",
        "filter": [
          {
            "property": "concept",
            "op": "descendent-of",
            "value": "235856003"
          }
        ]
      }
    ]
  }
}