{
  "resourceType": "Condition",
  "id": "chronic-neurological-mental-disease-epilepsy-absent",
  "meta": {
    "profile": [
      "https://www.netzwerk-universitaetsmedizin.de/fhir/StructureDefinition/chronic-neurological-mental-diseases"
    ]
  },
  "modifierExtension": [
    {
      "url": "https://www.netzwerk-universitaetsmedizin.de/fhir/StructureDefinition/uncertainty-of-presence",
      "valueCodeableConcept": {
        "coding": [
          {
            "system": "http://snomed.info/sct",
            "code": "261665006",
            "display": "Unknown (qualifier value)"
          }
        ],
        "text": "Presence of condition is unknown."
      }
    }
  ],
  "category": [
    {
      "coding": [
        {
          "code": "394591006",
          "system": "http://snomed.info/sct",
          "display": "Neurology"
        },
        {
          "code": "394587001",
          "system": "http://snomed.info/sct",
          "display": "Psychiatry"
        }
      ]
    }
  ],
  "code": {
    "coding": [
      {
        "code": "84757009",
        "system": "http://snomed.info/sct",
        "display": "Epilepsy"
      }
    ]
  },
  "subject": {
    "reference": "Patient/gecco-patient"
  },
  "recordedDate": "2020-10-06"
}