{
  "resourceType": "Condition",
  "id": "chronic-neurological-mental-disease-ho-cer-vas-acc-absent",
  "meta": {
    "profile": [
      "https://www.netzwerk-universitaetsmedizin.de/fhir/StructureDefinition/chronic-neurological-mental-diseases"
    ]
  },
  "verificationStatus": {
    "coding": [
      {
        "system": "http://terminology.hl7.org/CodeSystem/condition-ver-status",
        "code": "refuted",
        "display": "Refuted"
      },
      {
        "system": "http://snomed.info/sct",
        "code": "410594000",
        "display": "Definitely NOT present (qualifier value)"
      }
    ]
  },
  "category": [
    {
      "coding": [
        {
          "code": "394591006",
          "system": "http://snomed.info/sct",
          "display": "Neurology"
        },
        {
          "code": "394587001",
          "system": "http://snomed.info/sct",
          "display": "Psychiatry"
        }
      ]
    }
  ],
  "code": {
    "coding": [
      {
        "code": "440140008",
        "system": "http://snomed.info/sct",
        "display": "History of cerebrovascular accident with residual deficit"
      }
    ]
  },
  "subject": {
    "reference": "Patient/gecco-patient"
  },
  "recordedDate": "2020-10-06"
}