{
  "resourceType": "ValueSet",
  "status": "active",
  "name": "ChronicLungDiseasesICD",
  "id": "chronic-lung-diseases-icd",
  "title": "Chronic Lung Diseases ICD-10-GM",
  "description": "Chronic lung diseases in the context of Covid-19 from ICD-10-GM",
  "version": "1.0.6",
  "url": "https://www.netzwerk-universitaetsmedizin.de/fhir/ValueSet/chronic-lung-diseases-icd",
  "experimental": false,
  "publisher": "Berlin Institute of Health at Charité (BIH)",
  "contact": [
    {
      "telecom": [
        {
          "system": "url",
          "value": "https://www.bihealth.org/en/research/core-facilities/interoperability/"
        }
      ]
    }
  ],
  "meta": {
    "profile": [
      "http://hl7.org/fhir/StructureDefinition/shareablevalueset"
    ]
  },
  "extension": [
    {
      "url": "http://hl7.org/fhir/StructureDefinition/resource-effectivePeriod",
      "valuePeriod": {
        "start": "2020-05-04T19:50:12+02:00"
      }
    }
  ],
  "identifier": [
    {
      "use": "official",
      "system": "http://art-decor.org/ns/oids/vs",
      "value": "1.2.276.0.76.11.493"
    }
  ],
  "immutable": false,
  "compose": {
    "include": [
      {
        "system": "http://fhir.de/CodeSystem/bfarm/icd-10-gm",
        "version": "2021",
        "concept": [
          {
            "code": "G47.3",
            "display": "Schlafapnoe"
          },
          {
            "code": "G47.31",
            "display": "Obstruktives Schlafapnoe-Syndrom"
          },
          {
            "code": "E66.29",
            "display": "Übermäßige Adipositas mit alveolärer Hypoventilation : Grad oder Ausmaß der Adipositas nicht näher bezeichnet"
          },
          {
            "code": "I27.0",
            "display": "Primäre pulmonale Hypertonie"
          },
          {
            "code": "J84.1",
            "display": "Sonstige interstitielle Lungenkrankheiten mit Fibrose"
          },
          {
            "code": "J60",
            "display": "Kohlenbergarbeiter-Pneumokoniose"
          },
          {
            "code": "J61",
            "display": "Pneumokoniose durch Asbest und sonstige anorganische Fasern"
          },
          {
            "code": "J64",
            "display": "Nicht näher bezeichnete Pneumokoniose"
          },
          {
            "code": "Z87.0",
            "display": "Krankheiten des Atmungssystems in der Eigenanamnese"
          },
          {
            "code": "J44.9",
            "display": "Chronische obstruktive Lungenkrankheit, nicht näher bezeichnet"
          },
          {
            "code": "J45.9",
            "display": "Asthma bronchiale, nicht näher bezeichnet"
          },
          {
            "code": "E84.9",
            "display": "Zystische Fibrose, nicht näher bezeichnet"
          }
        ]
      },
      {
        "system": "http://fhir.de/CodeSystem/bfarm/icd-10-gm",
        "version": "2020",
        "filter": [
          {
            "property": "concept",
            "op": "is-a",
            "value": "G47.3"
          },
          {
            "property": "child",
            "op": "exists",
            "value": "false"
          }
        ]
      },
      {
        "system": "http://fhir.de/CodeSystem/bfarm/icd-10-gm",
        "version": "2020",
        "filter": [
          {
            "property": "concept",
            "op": "is-a",
            "value": "E66.2"
          },
          {
            "property": "child",
            "op": "exists",
            "value": "false"
          }
        ]
      },
      {
        "system": "http://fhir.de/CodeSystem/bfarm/icd-10-gm",
        "version": "2020",
        "filter": [
          {
            "property": "concept",
            "op": "is-a",
            "value": "I27"
          },
          {
            "property": "child",
            "op": "exists",
            "value": "false"
          }
        ]
      },
      {
        "system": "http://fhir.de/CodeSystem/bfarm/icd-10-gm",
        "version": "2020",
        "filter": [
          {
            "property": "concept",
            "op": "is-a",
            "value": "J62"
          },
          {
            "property": "child",
            "op": "exists",
            "value": "false"
          }
        ]
      },
      {
        "system": "http://fhir.de/CodeSystem/bfarm/icd-10-gm",
        "version": "2020",
        "filter": [
          {
            "property": "concept",
            "op": "is-a",
            "value": "J63"
          },
          {
            "property": "child",
            "op": "exists",
            "value": "false"
          }
        ]
      },
      {
        "system": "http://fhir.de/CodeSystem/bfarm/icd-10-gm",
        "version": "2020",
        "filter": [
          {
            "property": "concept",
            "op": "is-a",
            "value": "J44"
          },
          {
            "property": "child",
            "op": "exists",
            "value": "false"
          }
        ]
      },
      {
        "system": "http://fhir.de/CodeSystem/bfarm/icd-10-gm",
        "version": "2020",
        "filter": [
          {
            "property": "concept",
            "op": "is-a",
            "value": "J45"
          },
          {
            "property": "child",
            "op": "exists",
            "value": "false"
          }
        ]
      },
      {
        "system": "http://fhir.de/CodeSystem/bfarm/icd-10-gm",
        "version": "2020",
        "filter": [
          {
            "property": "concept",
            "op": "is-a",
            "value": "E84"
          },
          {
            "property": "child",
            "op": "exists",
            "value": "false"
          }
        ]
      },
      {
        "system": "http://fhir.de/CodeSystem/bfarm/icd-10-gm",
        "version": "2020",
        "filter": [
          {
            "property": "concept",
            "op": "is-a",
            "value": "J66"
          },
          {
            "property": "child",
            "op": "exists",
            "value": "false"
          }
        ]
      },
      {
        "system": "http://fhir.de/CodeSystem/bfarm/icd-10-gm",
        "version": "2020",
        "filter": [
          {
            "property": "concept",
            "op": "is-a",
            "value": "A16"
          },
          {
            "property": "child",
            "op": "exists",
            "value": "false"
          }
        ]
      },
      {
        "system": "http://fhir.de/CodeSystem/bfarm/icd-10-gm",
        "version": "2020",
        "filter": [
          {
            "property": "concept",
            "op": "is-a",
            "value": "J67"
          },
          {
            "property": "child",
            "op": "exists",
            "value": "false"
          }
        ]
      },
      {
        "system": "http://fhir.de/CodeSystem/bfarm/icd-10-gm",
        "version": "2020",
        "filter": [
          {
            "property": "concept",
            "op": "is-a",
            "value": "J68"
          },
          {
            "property": "child",
            "op": "exists",
            "value": "false"
          }
        ]
      },
      {
        "system": "http://fhir.de/CodeSystem/bfarm/icd-10-gm",
        "version": "2020",
        "filter": [
          {
            "property": "concept",
            "op": "is-a",
            "value": "J70"
          },
          {
            "property": "child",
            "op": "exists",
            "value": "false"
          }
        ]
      },
      {
        "system": "http://fhir.de/CodeSystem/bfarm/icd-10-gm",
        "version": "2020",
        "filter": [
          {
            "property": "concept",
            "op": "is-a",
            "value": "P27"
          },
          {
            "property": "child",
            "op": "exists",
            "value": "false"
          }
        ]
      },
      {
        "system": "http://fhir.de/CodeSystem/bfarm/icd-10-gm",
        "version": "2020",
        "filter": [
          {
            "property": "concept",
            "op": "is-a",
            "value": "J98"
          },
          {
            "property": "child",
            "op": "exists",
            "value": "false"
          }
        ]
      },
      {
        "system": "http://fhir.de/CodeSystem/bfarm/icd-10-gm",
        "version": "2021",
        "filter": [
          {
            "property": "concept",
            "op": "is-a",
            "value": "G47.3"
          },
          {
            "property": "child",
            "op": "exists",
            "value": "false"
          }
        ]
      },
      {
        "system": "http://fhir.de/CodeSystem/bfarm/icd-10-gm",
        "version": "2021",
        "filter": [
          {
            "property": "concept",
            "op": "is-a",
            "value": "E66.2"
          },
          {
            "property": "child",
            "op": "exists",
            "value": "false"
          }
        ]
      },
      {
        "system": "http://fhir.de/CodeSystem/bfarm/icd-10-gm",
        "version": "2021",
        "filter": [
          {
            "property": "concept",
            "op": "is-a",
            "value": "I27"
          },
          {
            "property": "child",
            "op": "exists",
            "value": "false"
          }
        ]
      },
      {
        "system": "http://fhir.de/CodeSystem/bfarm/icd-10-gm",
        "version": "2021",
        "filter": [
          {
            "property": "concept",
            "op": "is-a",
            "value": "J62"
          },
          {
            "property": "child",
            "op": "exists",
            "value": "false"
          }
        ]
      },
      {
        "system": "http://fhir.de/CodeSystem/bfarm/icd-10-gm",
        "version": "2021",
        "filter": [
          {
            "property": "concept",
            "op": "is-a",
            "value": "J63"
          },
          {
            "property": "child",
            "op": "exists",
            "value": "false"
          }
        ]
      },
      {
        "system": "http://fhir.de/CodeSystem/bfarm/icd-10-gm",
        "version": "2021",
        "filter": [
          {
            "property": "concept",
            "op": "is-a",
            "value": "J44"
          },
          {
            "property": "child",
            "op": "exists",
            "value": "false"
          }
        ]
      },
      {
        "system": "http://fhir.de/CodeSystem/bfarm/icd-10-gm",
        "version": "2021",
        "filter": [
          {
            "property": "concept",
            "op": "is-a",
            "value": "J45"
          },
          {
            "property": "child",
            "op": "exists",
            "value": "false"
          }
        ]
      },
      {
        "system": "http://fhir.de/CodeSystem/bfarm/icd-10-gm",
        "version": "2021",
        "filter": [
          {
            "property": "concept",
            "op": "is-a",
            "value": "E84"
          },
          {
            "property": "child",
            "op": "exists",
            "value": "false"
          }
        ]
      },
      {
        "system": "http://fhir.de/CodeSystem/bfarm/icd-10-gm",
        "version": "2021",
        "filter": [
          {
            "property": "concept",
            "op": "is-a",
            "value": "J66"
          },
          {
            "property": "child",
            "op": "exists",
            "value": "false"
          }
        ]
      },
      {
        "system": "http://fhir.de/CodeSystem/bfarm/icd-10-gm",
        "version": "2021",
        "filter": [
          {
            "property": "concept",
            "op": "is-a",
            "value": "A16"
          },
          {
            "property": "child",
            "op": "exists",
            "value": "false"
          }
        ]
      },
      {
        "system": "http://fhir.de/CodeSystem/bfarm/icd-10-gm",
        "version": "2021",
        "filter": [
          {
            "property": "concept",
            "op": "is-a",
            "value": "J67"
          },
          {
            "property": "child",
            "op": "exists",
            "value": "false"
          }
        ]
      },
      {
        "system": "http://fhir.de/CodeSystem/bfarm/icd-10-gm",
        "version": "2021",
        "filter": [
          {
            "property": "concept",
            "op": "is-a",
            "value": "J68"
          },
          {
            "property": "child",
            "op": "exists",
            "value": "false"
          }
        ]
      },
      {
        "system": "http://fhir.de/CodeSystem/bfarm/icd-10-gm",
        "version": "2021",
        "filter": [
          {
            "property": "concept",
            "op": "is-a",
            "value": "J70"
          },
          {
            "property": "child",
            "op": "exists",
            "value": "false"
          }
        ]
      },
      {
        "system": "http://fhir.de/CodeSystem/bfarm/icd-10-gm",
        "version": "2021",
        "filter": [
          {
            "property": "concept",
            "op": "is-a",
            "value": "P27"
          },
          {
            "property": "child",
            "op": "exists",
            "value": "false"
          }
        ]
      },
      {
        "system": "http://fhir.de/CodeSystem/bfarm/icd-10-gm",
        "version": "2021",
        "filter": [
          {
            "property": "concept",
            "op": "is-a",
            "value": "J98"
          },
          {
            "property": "child",
            "op": "exists",
            "value": "false"
          }
        ]
      },
      {
        "system": "http://fhir.de/CodeSystem/bfarm/icd-10-gm",
        "version": "2022",
        "filter": [
          {
            "property": "concept",
            "op": "is-a",
            "value": "G47.3"
          },
          {
            "property": "child",
            "op": "exists",
            "value": "false"
          }
        ]
      },
      {
        "system": "http://fhir.de/CodeSystem/bfarm/icd-10-gm",
        "version": "2022",
        "filter": [
          {
            "property": "concept",
            "op": "is-a",
            "value": "E66.2"
          },
          {
            "property": "child",
            "op": "exists",
            "value": "false"
          }
        ]
      },
      {
        "system": "http://fhir.de/CodeSystem/bfarm/icd-10-gm",
        "version": "2022",
        "filter": [
          {
            "property": "concept",
            "op": "is-a",
            "value": "I27"
          },
          {
            "property": "child",
            "op": "exists",
            "value": "false"
          }
        ]
      },
      {
        "system": "http://fhir.de/CodeSystem/bfarm/icd-10-gm",
        "version": "2022",
        "filter": [
          {
            "property": "concept",
            "op": "is-a",
            "value": "J62"
          },
          {
            "property": "child",
            "op": "exists",
            "value": "false"
          }
        ]
      },
      {
        "system": "http://fhir.de/CodeSystem/bfarm/icd-10-gm",
        "version": "2022",
        "filter": [
          {
            "property": "concept",
            "op": "is-a",
            "value": "J63"
          },
          {
            "property": "child",
            "op": "exists",
            "value": "false"
          }
        ]
      },
      {
        "system": "http://fhir.de/CodeSystem/bfarm/icd-10-gm",
        "version": "2022",
        "filter": [
          {
            "property": "concept",
            "op": "is-a",
            "value": "J44"
          },
          {
            "property": "child",
            "op": "exists",
            "value": "false"
          }
        ]
      },
      {
        "system": "http://fhir.de/CodeSystem/bfarm/icd-10-gm",
        "version": "2022",
        "filter": [
          {
            "property": "concept",
            "op": "is-a",
            "value": "J45"
          },
          {
            "property": "child",
            "op": "exists",
            "value": "false"
          }
        ]
      },
      {
        "system": "http://fhir.de/CodeSystem/bfarm/icd-10-gm",
        "version": "2022",
        "filter": [
          {
            "property": "concept",
            "op": "is-a",
            "value": "E84"
          },
          {
            "property": "child",
            "op": "exists",
            "value": "false"
          }
        ]
      },
      {
        "system": "http://fhir.de/CodeSystem/bfarm/icd-10-gm",
        "version": "2022",
        "filter": [
          {
            "property": "concept",
            "op": "is-a",
            "value": "J66"
          },
          {
            "property": "child",
            "op": "exists",
            "value": "false"
          }
        ]
      },
      {
        "system": "http://fhir.de/CodeSystem/bfarm/icd-10-gm",
        "version": "2022",
        "filter": [
          {
            "property": "concept",
            "op": "is-a",
            "value": "A16"
          },
          {
            "property": "child",
            "op": "exists",
            "value": "false"
          }
        ]
      },
      {
        "system": "http://fhir.de/CodeSystem/bfarm/icd-10-gm",
        "version": "2022",
        "filter": [
          {
            "property": "concept",
            "op": "is-a",
            "value": "J67"
          },
          {
            "property": "child",
            "op": "exists",
            "value": "false"
          }
        ]
      },
      {
        "system": "http://fhir.de/CodeSystem/bfarm/icd-10-gm",
        "version": "2022",
        "filter": [
          {
            "property": "concept",
            "op": "is-a",
            "value": "J68"
          },
          {
            "property": "child",
            "op": "exists",
            "value": "false"
          }
        ]
      },
      {
        "system": "http://fhir.de/CodeSystem/bfarm/icd-10-gm",
        "version": "2022",
        "filter": [
          {
            "property": "concept",
            "op": "is-a",
            "value": "J70"
          },
          {
            "property": "child",
            "op": "exists",
            "value": "false"
          }
        ]
      },
      {
        "system": "http://fhir.de/CodeSystem/bfarm/icd-10-gm",
        "version": "2022",
        "filter": [
          {
            "property": "concept",
            "op": "is-a",
            "value": "P27"
          },
          {
            "property": "child",
            "op": "exists",
            "value": "false"
          }
        ]
      },
      {
        "system": "http://fhir.de/CodeSystem/bfarm/icd-10-gm",
        "version": "2022",
        "filter": [
          {
            "property": "concept",
            "op": "is-a",
            "value": "J98"
          },
          {
            "property": "child",
            "op": "exists",
            "value": "false"
          }
        ]
      }
    ]
  }
}