{
  "resourceType": "Condition",
  "id": "complication-myocardial-infarction-present",
  "meta": {
    "profile": [
      "https://www.netzwerk-universitaetsmedizin.de/fhir/StructureDefinition/complications-covid-19"
    ]
  },
  "category": [
    {
      "coding": [
        {
          "code": "116223007",
          "system": "http://snomed.info/sct",
          "display": "Complication (disorder)"
        }
      ]
    }
  ],
  "code": {
    "coding": [
      {
        "system": "http://snomed.info/sct",
        "code": "22298006",
        "display": "Myocardial infarction (disorder)"
      }
    ]
  },
  "verificationStatus": {
    "coding": [
      {
        "system": "http://terminology.hl7.org/CodeSystem/condition-ver-status",
        "code": "confirmed",
        "display": "Confirmed"
      },
      {
        "system": "http://snomed.info/sct",
        "code": "410605003",
        "display": "Confirmed present (qualifier value)"
      }
    ]
  },
  "clinicalStatus": {
    "coding": [
      {
        "code": "active",
        "system": "http://terminology.hl7.org/CodeSystem/condition-clinical",
        "display": "Active"
      }
    ]
  },
  "subject": {
    "reference": "Patient/gecco-patient"
  },
  "recordedDate": "2020-10-15T16:07:48+02:00"
}