{
  "resourceType": "StructureDefinition",
  "id": "diagnosis-covid-19",
  "url": "https://www.netzwerk-universitaetsmedizin.de/fhir/StructureDefinition/diagnosis-covid-19",
  "version": "1.0.6",
  "name": "DiagnosisCovid19",
  "title": "Diagnosis Covid-19",
  "status": "active",
  "experimental": false,
  "date": "2020-10-29",
  "publisher": "Berlin Institute of Health at Charité (BIH)",
  "contact": [
    {
      "telecom": [
        {
          "system": "url",
          "value": "https://www.bihealth.org/en/research/core-facilities/interoperability/"
        }
      ]
    }
  ],
  "description": "Profile to capture the diagnosis of disease caused by 2019 novel coronavirus. Includes the stage at diagnosis.",
  "fhirVersion": "4.0.1",
  "mapping": [
    {
      "identity": "workflow",
      "uri": "http://hl7.org/fhir/workflow",
      "name": "Workflow Pattern"
    },
    {
      "identity": "sct-concept",
      "uri": "http://snomed.info/conceptdomain",
      "name": "SNOMED CT Concept Domain Binding"
    },
    {
      "identity": "v2",
      "uri": "http://hl7.org/v2",
      "name": "HL7 v2 Mapping"
    },
    {
      "identity": "rim",
      "uri": "http://hl7.org/v3",
      "name": "RIM Mapping"
    },
    {
      "identity": "w5",
      "uri": "http://hl7.org/fhir/fivews",
      "name": "FiveWs Pattern Mapping"
    },
    {
      "identity": "sct-attr",
      "uri": "http://snomed.org/attributebinding",
      "name": "SNOMED CT Attribute Binding"
    }
  ],
  "kind": "resource",
  "abstract": false,
  "type": "Condition",
  "baseDefinition": "https://www.medizininformatik-initiative.de/fhir/core/modul-diagnose/StructureDefinition/Diagnose",
  "derivation": "constraint",
  "differential": {
    "element": [
      {
        "id": "Condition.verificationStatus",
        "path": "Condition.verificationStatus",
        "mustSupport": true
      },
      {
        "id": "Condition.verificationStatus.coding",
        "path": "Condition.verificationStatus.coding",
        "slicing": {
          "discriminator": [
            {
              "type": "pattern",
              "path": "$this"
            }
          ],
          "rules": "open"
        },
        "min": 2
      },
      {
        "id": "Condition.verificationStatus.coding:conditionVerificationStatus",
        "path": "Condition.verificationStatus.coding",
        "sliceName": "conditionVerificationStatus",
        "min": 1,
        "max": "1",
        "patternCoding": {
          "system": "http://terminology.hl7.org/CodeSystem/condition-ver-status"
        }
      },
      {
        "id": "Condition.verificationStatus.coding:conditionVerificationStatus.system",
        "path": "Condition.verificationStatus.coding.system",
        "min": 1
      },
      {
        "id": "Condition.verificationStatus.coding:conditionVerificationStatus.code",
        "path": "Condition.verificationStatus.coding.code",
        "min": 1
      },
      {
        "id": "Condition.verificationStatus.coding:snomed",
        "path": "Condition.verificationStatus.coding",
        "sliceName": "snomed",
        "min": 1,
        "max": "1",
        "patternCoding": {
          "system": "http://snomed.info/sct"
        },
        "binding": {
          "strength": "required",
          "valueSet": "https://www.netzwerk-universitaetsmedizin.de/fhir/ValueSet/verification-status",
          "description": "Present | Not present"
        }
      },
      {
        "id": "Condition.category",
        "path": "Condition.category",
        "min": 1,
        "mustSupport": true
      },
      {
        "id": "Condition.category.coding",
        "path": "Condition.category.coding",
        "slicing": {
          "discriminator": [
            {
              "type": "pattern",
              "path": "$this"
            }
          ],
          "rules": "open"
        },
        "min": 1
      },
      {
        "id": "Condition.category.coding:infectiousDiseases",
        "path": "Condition.category.coding",
        "sliceName": "infectiousDiseases",
        "min": 1,
        "max": "1",
        "patternCoding": {
          "code": "394807007",
          "system": "http://snomed.info/sct"
        }
      },
      {
        "id": "Condition.category.coding:infectiousDiseases.system",
        "path": "Condition.category.coding.system",
        "min": 1
      },
      {
        "id": "Condition.category.coding:infectiousDiseases.code",
        "path": "Condition.category.coding.code",
        "min": 1
      },
      {
        "id": "Condition.code.coding:sct",
        "path": "Condition.code.coding",
        "sliceName": "sct",
        "min": 1,
        "patternCoding": {
          "code": "840539006",
          "system": "http://snomed.info/sct"
        }
      },
      {
        "id": "Condition.stage",
        "path": "Condition.stage",
        "mustSupport": true
      },
      {
        "id": "Condition.stage.summary",
        "path": "Condition.stage.summary",
        "min": 1,
        "mustSupport": true
      },
      {
        "id": "Condition.stage.summary.coding",
        "path": "Condition.stage.summary.coding",
        "slicing": {
          "discriminator": [
            {
              "type": "pattern",
              "path": "system"
            }
          ],
          "rules": "open"
        },
        "mustSupport": true
      },
      {
        "id": "Condition.stage.summary.coding:snomed",
        "path": "Condition.stage.summary.coding",
        "sliceName": "snomed",
        "min": 0,
        "max": "1",
        "mustSupport": true,
        "binding": {
          "strength": "preferred",
          "valueSet": "https://www.netzwerk-universitaetsmedizin.de/fhir/ValueSet/stage-at-diagnosis"
        }
      },
      {
        "id": "Condition.stage.summary.coding:snomed.system",
        "path": "Condition.stage.summary.coding.system",
        "min": 1,
        "patternUri": "http://snomed.info/sct",
        "mustSupport": true
      },
      {
        "id": "Condition.stage.summary.coding:snomed.code",
        "path": "Condition.stage.summary.coding.code",
        "min": 1,
        "mustSupport": true
      },
      {
        "id": "Condition.stage.type",
        "path": "Condition.stage.type",
        "min": 1,
        "mustSupport": true
      },
      {
        "id": "Condition.stage.type.coding",
        "path": "Condition.stage.type.coding",
        "slicing": {
          "discriminator": [
            {
              "type": "pattern",
              "path": "system"
            }
          ],
          "rules": "open"
        },
        "mustSupport": true
      },
      {
        "id": "Condition.stage.type.coding:loinc",
        "path": "Condition.stage.type.coding",
        "sliceName": "loinc",
        "min": 0,
        "max": "1",
        "patternCoding": {
          "code": "88859-4",
          "system": "http://loinc.org"
        },
        "mustSupport": true
      },
      {
        "id": "Condition.stage.type.coding:loinc.system",
        "path": "Condition.stage.type.coding.system",
        "min": 1,
        "patternUri": "http://loinc.org",
        "mustSupport": true
      },
      {
        "id": "Condition.stage.type.coding:loinc.code",
        "path": "Condition.stage.type.coding.code",
        "min": 1,
        "patternCode": "88859-4",
        "mustSupport": true
      }
    ]
  }
}