{
  "resourceType": "ValueSet",
  "status": "active",
  "name": "EthnicGroups",
  "id": "ethnic-groups",
  "title": "Ethnic Groups",
  "description": "Ethnic groups in the context of Covid-19",
  "version": "1.0.6",
  "url": "https://www.netzwerk-universitaetsmedizin.de/fhir/ValueSet/ethnic-groups",
  "experimental": false,
  "publisher": "Berlin Institute of Health at Charité (BIH)",
  "contact": [
    {
      "telecom": [
        {
          "system": "url",
          "value": "https://www.bihealth.org/en/research/core-facilities/interoperability/"
        }
      ]
    }
  ],
  "meta": {
    "profile": [
      "http://hl7.org/fhir/StructureDefinition/shareablevalueset"
    ]
  },
  "extension": [
    {
      "url": "http://hl7.org/fhir/StructureDefinition/resource-effectivePeriod",
      "valuePeriod": {
        "start": "2020-05-03T16:39:37+02:00"
      }
    }
  ],
  "identifier": [
    {
      "use": "official",
      "system": "http://art-decor.org/ns/oids/vs",
      "value": "1.2.276.0.76.11.490"
    }
  ],
  "immutable": false,
  "copyright": "This artefact includes content from SNOMED Clinical Terms® (SNOMED CT®) which is copyright of the International Health Terminology Standards Development Organisation (IHTSDO). Implementers of these artefacts must have the appropriate SNOMED CT Affiliate license - for more information contact http://www.snomed.org/snomed-ct/getsnomed-ct or info@snomed.org.",
  "compose": {
    "include": [
      {
        "system": "http://snomed.info/sct",
        "concept": [
          {
            "code": "14045001",
            "display": "Caucasian (ethnic group)"
          },
          {
            "code": "18167009",
            "display": "Black African (ethnic group)"
          },
          {
            "code": "315280000",
            "display": "Asian - ethnic group (ethnic group)"
          },
          {
            "code": "90027003",
            "display": "Arabs (ethnic group)"
          },
          {
            "code": "26242008",
            "display": "Mixed (qualifier value)"
          }
        ]
      },
      {
        "system": "urn:oid:2.16.840.1.113883.6.238",
        "concept": [
          {
            "code": "2135-2",
            "display": "Hispanic or Latino"
          }
        ]
      },
      {
        "system": "http://snomed.info/sct",
        "filter": [
          {
            "property": "concept",
            "op": "descendent-of",
            "value": "372148003"
          }
        ]
      }
    ]
  }
}