{
  "resourceType": "Procedure",
  "id": "extracorporeal-membrane-oxygenation-not-done",
  "meta": {
    "profile": [
      "https://www.netzwerk-universitaetsmedizin.de/fhir/StructureDefinition/extracorporeal-membrane-oxygenation"
    ]
  },
  "status": "not-done",
  "category": {
    "coding": [
      {
        "code": "277132007",
        "system": "http://snomed.info/sct",
        "display": "Therapeutic procedure (procedure)"
      }
    ]
  },
  "code": {
    "coding": [
      {
        "code": "233573008",
        "system": "http://snomed.info/sct",
        "display": "Extracorporeal membrane oxygenation (procedure)"
      }
    ],
    "text": "ECMO"
  },
  "subject": {
    "reference": "Patient/gecco-patient"
  },
  "_performedDateTime": {
    "extension": [
      {
        "url": "http://hl7.org/fhir/StructureDefinition/data-absent-reason",
        "valueCode": "not-performed"
      }
    ]
  }
}