{
  "resourceType": "StructureDefinition",
  "id": "inhaled-oxygen-concentration",
  "url": "https://www.netzwerk-universitaetsmedizin.de/fhir/StructureDefinition/inhaled-oxygen-concentration",
  "version": "1.0.6",
  "name": "FiO2",
  "title": "FiO2",
  "status": "active",
  "experimental": false,
  "date": "2021-05-28",
  "publisher": "Berlin Institute of Health at Charité (BIH)",
  "contact": [
    {
      "telecom": [
        {
          "system": "url",
          "value": "https://www.bihealth.org/en/research/core-facilities/interoperability/"
        }
      ]
    }
  ],
  "description": "Fraction of inspired oxygen",
  "fhirVersion": "4.0.1",
  "kind": "resource",
  "abstract": false,
  "type": "Observation",
  "baseDefinition": "https://www.medizininformatik-initiative.de/fhir/core/modul-labor/StructureDefinition/ObservationLab",
  "derivation": "constraint",
  "differential": {
    "element": [
      {
        "id": "Observation.category.coding:blood-gas-studies",
        "path": "Observation.category.coding",
        "sliceName": "blood-gas-studies",
        "min": 0,
        "max": "1",
        "patternCoding": {
          "code": "18767-4",
          "system": "http://loinc.org"
        }
      },
      {
        "id": "Observation.code.coding",
        "path": "Observation.code.coding",
        "slicing": {
          "discriminator": [
            {
              "type": "pattern",
              "path": "$this"
            }
          ],
          "rules": "open"
        },
        "min": 1,
        "mustSupport": true
      },
      {
        "id": "Observation.code.coding:loinc",
        "path": "Observation.code.coding",
        "sliceName": "loinc",
        "min": 1,
        "max": "1",
        "patternCoding": {
          "code": "3150-0",
          "system": "http://loinc.org"
        }
      },
      {
        "id": "Observation.code.coding:loinc.system",
        "path": "Observation.code.coding.system",
        "min": 1
      },
      {
        "id": "Observation.code.coding:loinc.code",
        "path": "Observation.code.coding.code",
        "min": 1
      },
      {
        "id": "Observation.code.coding:snomed",
        "path": "Observation.code.coding",
        "sliceName": "snomed",
        "min": 0,
        "max": "1",
        "patternCoding": {
          "code": "250774007",
          "system": "http://snomed.info/sct"
        }
      },
      {
        "id": "Observation.code.coding:snomed.system",
        "path": "Observation.code.coding.system",
        "min": 1
      },
      {
        "id": "Observation.code.coding:snomed.code",
        "path": "Observation.code.coding.code",
        "min": 1
      },
      {
        "id": "Observation.value[x]:valueQuantity",
        "path": "Observation.value[x]",
        "sliceName": "valueQuantity",
        "type": [
          {
            "code": "Quantity"
          }
        ]
      },
      {
        "id": "Observation.value[x]:valueQuantity.code",
        "path": "Observation.value[x].code",
        "fixedCode": "%"
      },
      {
        "id": "Observation.value[x]:valueCodeableConcept",
        "path": "Observation.value[x]",
        "sliceName": "valueCodeableConcept",
        "type": [
          {
            "code": "CodeableConcept"
          }
        ],
        "binding": {
          "strength": "example",
          "valueSet": "http://loinc.org/vs/LL738-6",
          "description": "O2_mask / Oxygen by mask"
        }
      }
    ]
  }
}