{
  "resourceType": "Condition",
  "id": "gastrointestinal-ulcers-unknown",
  "meta": {
    "profile": [
      "https://www.netzwerk-universitaetsmedizin.de/fhir/StructureDefinition/gastrointestinal-ulcers"
    ]
  },
  "category": [
    {
      "coding": [
        {
          "code": "394584008",
          "system": "http://snomed.info/sct",
          "display": "Gastroenterology"
        }
      ]
    }
  ],
  "modifierExtension": [
    {
      "url": "https://www.netzwerk-universitaetsmedizin.de/fhir/StructureDefinition/uncertainty-of-presence",
      "valueCodeableConcept": {
        "coding": [
          {
            "system": "http://snomed.info/sct",
            "code": "261665006",
            "display": "Unknown (qualifier value)"
          }
        ],
        "text": "Presence of condition is unknown."
      }
    }
  ],
  "code": {
    "coding": [
      {
        "code": "40845000",
        "system": "http://snomed.info/sct",
        "display": "Gastrointestinal ulcer"
      }
    ]
  },
  "subject": {
    "reference": "Patient/gecco-patient"
  },
  "recordedDate": "2020-10-06"
}