{
  "resourceType": "Observation",
  "id": "history-of-travel-no",
  "meta": {
    "profile": [
      "https://www.netzwerk-universitaetsmedizin.de/fhir/StructureDefinition/history-of-travel"
    ]
  },
  "category": [
    {
      "coding": [
        {
          "code": "social-history",
          "system": "http://terminology.hl7.org/CodeSystem/observation-category"
        }
      ]
    }
  ],
  "code": {
    "coding": [
      {
        "code": "8691-8",
        "system": "http://loinc.org",
        "display": "History of Travel"
      },
      {
        "code": "443846001",
        "system": "http://snomed.info/sct",
        "display": "Detail of history of travel (observable entity)"
      }
    ],
    "text": "History of travel"
  },
  "identifier": [
    {
      "type": {
        "coding": [
          {
            "code": "OBI",
            "system": "http://terminology.hl7.org/CodeSystem/v2-0203"
          }
        ]
      },
      "system": "https://www.charite.de/fhir/CodeSystem/observation-identifiers",
      "value": "8691-8_HistoryOfTravel",
      "assigner": {
        "reference": "Organization/Charité"
      }
    }
  ],
  "status": "final",
  "subject": {
    "reference": "Patient/gecco-patient"
  },
  "effectiveDateTime": "2020-11-09T12:57:06+01:00",
  "valueCodeableConcept": {
    "coding": [
      {
        "code": "373067005",
        "system": "http://snomed.info/sct",
        "display": "No (qualifier value)"
      }
    ]
  }
}