{
  "resourceType": "StructureDefinition",
  "id": "organ-recipient",
  "url": "https://www.netzwerk-universitaetsmedizin.de/fhir/StructureDefinition/organ-recipient",
  "version": "1.0.6",
  "name": "HistoryOfOrganRecipient",
  "title": "History of Organ Recipient",
  "status": "active",
  "experimental": false,
  "date": "2020-10-29",
  "publisher": "Berlin Institute of Health at Charité (BIH)",
  "contact": [
    {
      "telecom": [
        {
          "system": "url",
          "value": "https://www.bihealth.org/en/research/core-facilities/interoperability/"
        }
      ]
    }
  ],
  "description": "History of being a tissue or organ recipient",
  "fhirVersion": "4.0.1",
  "mapping": [
    {
      "identity": "workflow",
      "uri": "http://hl7.org/fhir/workflow",
      "name": "Workflow Pattern"
    },
    {
      "identity": "sct-concept",
      "uri": "http://snomed.info/conceptdomain",
      "name": "SNOMED CT Concept Domain Binding"
    },
    {
      "identity": "v2",
      "uri": "http://hl7.org/v2",
      "name": "HL7 v2 Mapping"
    },
    {
      "identity": "rim",
      "uri": "http://hl7.org/v3",
      "name": "RIM Mapping"
    },
    {
      "identity": "w5",
      "uri": "http://hl7.org/fhir/fivews",
      "name": "FiveWs Pattern Mapping"
    },
    {
      "identity": "sct-attr",
      "uri": "http://snomed.org/attributebinding",
      "name": "SNOMED CT Attribute Binding"
    }
  ],
  "kind": "resource",
  "abstract": false,
  "type": "Condition",
  "baseDefinition": "https://www.netzwerk-universitaetsmedizin.de/fhir/StructureDefinition/gecco-base-condition",
  "derivation": "constraint",
  "differential": {
    "element": [
      {
        "id": "Condition.category",
        "path": "Condition.category",
        "min": 1,
        "mustSupport": true
      },
      {
        "id": "Condition.category.coding",
        "path": "Condition.category.coding",
        "slicing": {
          "discriminator": [
            {
              "type": "pattern",
              "path": "$this"
            }
          ],
          "rules": "open"
        },
        "min": 1,
        "mustSupport": true
      },
      {
        "id": "Condition.category.coding:transplantMedicine",
        "path": "Condition.category.coding",
        "sliceName": "transplantMedicine",
        "min": 1,
        "max": "1",
        "patternCoding": {
          "code": "788415003",
          "system": "http://snomed.info/sct"
        },
        "mustSupport": true
      },
      {
        "id": "Condition.category.coding:transplantMedicine.system",
        "path": "Condition.category.coding.system",
        "min": 1,
        "mustSupport": true
      },
      {
        "id": "Condition.category.coding:transplantMedicine.code",
        "path": "Condition.category.coding.code",
        "min": 1,
        "mustSupport": true
      },
      {
        "id": "Condition.code.coding:icd10-gm",
        "path": "Condition.code.coding",
        "sliceName": "icd10-gm",
        "binding": {
          "strength": "required",
          "valueSet": "https://www.netzwerk-universitaetsmedizin.de/fhir/ValueSet/history-of-organ-transplantation-icd"
        }
      },
      {
        "id": "Condition.code.coding:sct",
        "path": "Condition.code.coding",
        "sliceName": "sct",
        "patternCoding": {
          "code": "161663000",
          "system": "http://snomed.info/sct"
        }
      },
      {
        "id": "Condition.code.coding:orphanet",
        "path": "Condition.code.coding",
        "sliceName": "orphanet",
        "max": "0"
      },
      {
        "id": "Condition.bodySite.coding:snomed-ct",
        "path": "Condition.bodySite.coding",
        "sliceName": "snomed-ct",
        "binding": {
          "strength": "required",
          "valueSet": "https://www.netzwerk-universitaetsmedizin.de/fhir/ValueSet/organs-for-transplant"
        }
      }
    ]
  }
}