{
  "resourceType": "Condition",
  "id": "human-immunodeficiency-virus-infection-absent",
  "meta": {
    "profile": [
      "https://www.netzwerk-universitaetsmedizin.de/fhir/StructureDefinition/human-immunodeficiency-virus-infection"
    ]
  },
  "category": [
    {
      "coding": [
        {
          "code": "394807007",
          "system": "http://snomed.info/sct",
          "display": "Infectious diseases (specialty)"
        }
      ]
    }
  ],
  "verificationStatus": {
    "coding": [
      {
        "system": "http://terminology.hl7.org/CodeSystem/condition-ver-status",
        "code": "refuted",
        "display": "Refuted"
      },
      {
        "system": "http://snomed.info/sct",
        "code": "410594000",
        "display": "Definitely NOT present (qualifier value)"
      }
    ]
  },
  "code": {
    "coding": [
      {
        "code": "86406008",
        "system": "http://snomed.info/sct",
        "display": "Human immunodeficiency virus infection"
      }
    ]
  },
  "subject": {
    "reference": "Patient/gecco-patient"
  },
  "recordedDate": "2020-10-06"
}