{
  "resourceType": "Observation",
  "id": "laboratory-lymphocytes",
  "meta": {
    "profile": [
      "https://www.medizininformatik-initiative.de/fhir/core/modul-labor/StructureDefinition/ObservationLab"
    ]
  },
  "identifier": [
    {
      "type": {
        "coding": [
          {
            "system": "http://terminology.hl7.org/CodeSystem/v2-0203",
            "code": "OBI"
          }
        ]
      },
      "system": "https://www.charite.de/fhir/CodeSystem/lab-identifiers",
      "value": "731-0_lymphocytes-number-per-volume-in-blood-by-automated-count",
      "assigner": {
        "reference": "Organization/Charité"
      }
    }
  ],
  "category": [
    {
      "coding": [
        {
          "system": "http://loinc.org",
          "code": "26436-6"
        },
        {
          "system": "http://terminology.hl7.org/CodeSystem/observation-category",
          "code": "laboratory"
        }
      ]
    }
  ],
  "valueQuantity": {
    "system": "http://unitsofmeasure.org",
    "value": 2.5,
    "code": "10*3/uL",
    "unit": "10*3/uL"
  },
  "status": "final",
  "code": {
    "coding": [
      {
        "code": "731-0",
        "system": "http://loinc.org",
        "display": "Lymphocytes [#/volume] in Blood by Automated count"
      }
    ],
    "text": "Lymphocytes"
  },
  "subject": {
    "reference": "Patient/gecco-patient"
  },
  "effectiveDateTime": "2020-10-16T08:49:21+02:00"
}