{
  "resourceType": "Observation",
  "id": "oxygen-saturation",
  "meta": {
    "profile": [
      "https://www.netzwerk-universitaetsmedizin.de/fhir/StructureDefinition/oxygen-saturation"
    ]
  },
  "category": [
    {
      "coding": [
        {
          "code": "vital-signs",
          "system": "http://terminology.hl7.org/CodeSystem/observation-category"
        }
      ]
    }
  ],
  "code": {
    "coding": [
      {
        "code": "2708-6",
        "system": "http://loinc.org",
        "display": "Oxygen saturation in Arterial blood"
      }
    ],
    "text": "Oxygen saturation in Arterial blood"
  },
  "valueQuantity": {
    "system": "http://unitsofmeasure.org",
    "code": "%",
    "value": 98,
    "unit": "%"
  },
  "identifier": [
    {
      "type": {
        "coding": [
          {
            "code": "OBI",
            "system": "http://terminology.hl7.org/CodeSystem/v2-0203"
          }
        ]
      },
      "system": "https://www.charite.de/fhir/CodeSystem/lab-identifiers",
      "value": "2708-6_oxygenSaturation",
      "assigner": {
        "reference": "Organization/Charité"
      }
    }
  ],
  "status": "final",
  "subject": {
    "reference": "Patient/gecco-patient"
  },
  "effectiveDateTime": "2020-09-21"
}