{
  "resourceType": "StructureDefinition",
  "id": "carbon-dioxide-partial-pressure",
  "url": "https://www.netzwerk-universitaetsmedizin.de/fhir/StructureDefinition/carbon-dioxide-partial-pressure",
  "version": "1.0.6",
  "name": "PaCO2",
  "title": "PaCO2",
  "status": "active",
  "experimental": false,
  "date": "2021-05-28",
  "publisher": "Berlin Institute of Health at Charité (BIH)",
  "contact": [
    {
      "telecom": [
        {
          "system": "url",
          "value": "https://www.bihealth.org/en/research/core-facilities/interoperability/"
        }
      ]
    }
  ],
  "description": "Carbon dioxide partial pressure in blood",
  "fhirVersion": "4.0.1",
  "kind": "resource",
  "abstract": false,
  "type": "Observation",
  "baseDefinition": "https://www.medizininformatik-initiative.de/fhir/core/modul-labor/StructureDefinition/ObservationLab",
  "derivation": "constraint",
  "differential": {
    "element": [
      {
        "id": "Observation.category.coding:blood-gas-studies",
        "path": "Observation.category.coding",
        "sliceName": "blood-gas-studies",
        "min": 0,
        "max": "1",
        "patternCoding": {
          "code": "18767-4",
          "system": "http://loinc.org"
        }
      },
      {
        "id": "Observation.code.coding",
        "path": "Observation.code.coding",
        "slicing": {
          "discriminator": [
            {
              "type": "pattern",
              "path": "$this"
            }
          ],
          "rules": "open"
        },
        "min": 1,
        "max": "1"
      },
      {
        "id": "Observation.code.coding:PaCO2-blood",
        "path": "Observation.code.coding",
        "sliceName": "PaCO2-blood",
        "min": 0,
        "max": "1",
        "patternCoding": {
          "code": "11557-6",
          "system": "http://loinc.org"
        }
      },
      {
        "id": "Observation.code.coding:PaCO2-blood.system",
        "path": "Observation.code.coding.system",
        "min": 1
      },
      {
        "id": "Observation.code.coding:PaCO2-blood.code",
        "path": "Observation.code.coding.code",
        "min": 1
      },
      {
        "id": "Observation.code.coding:PaCO2-arterial",
        "path": "Observation.code.coding",
        "sliceName": "PaCO2-arterial",
        "min": 0,
        "max": "1",
        "patternCoding": {
          "code": "2019-8",
          "system": "http://loinc.org"
        }
      },
      {
        "id": "Observation.code.coding:PaCO2-arterial.system",
        "path": "Observation.code.coding.system",
        "min": 1
      },
      {
        "id": "Observation.code.coding:PaCO2-arterial.code",
        "path": "Observation.code.coding.code",
        "min": 1
      },
      {
        "id": "Observation.code.coding:PaCO2-capillary",
        "path": "Observation.code.coding",
        "sliceName": "PaCO2-capillary",
        "min": 0,
        "max": "1",
        "patternCoding": {
          "code": "2020-6",
          "system": "http://loinc.org"
        }
      },
      {
        "id": "Observation.code.coding:PaCO2-capillary.system",
        "path": "Observation.code.coding.system",
        "min": 1
      },
      {
        "id": "Observation.code.coding:PaCO2-capillary.code",
        "path": "Observation.code.coding.code",
        "min": 1
      },
      {
        "id": "Observation.subject",
        "path": "Observation.subject",
        "type": [
          {
            "code": "Reference",
            "profile": [
              "https://www.medizininformatik-initiative.de/fhir/core/StructureDefinition/MII-Reference"
            ],
            "targetProfile": [
              "http://hl7.org/fhir/StructureDefinition/Patient",
              "http://hl7.org/fhir/StructureDefinition/Group"
            ]
          }
        ]
      },
      {
        "id": "Observation.value[x]:valueQuantity",
        "path": "Observation.value[x]",
        "sliceName": "valueQuantity",
        "type": [
          {
            "code": "Quantity"
          }
        ]
      },
      {
        "id": "Observation.value[x]:valueQuantity.code",
        "path": "Observation.value[x].code",
        "fixedCode": "mm[Hg]"
      },
      {
        "id": "Observation.value[x]:valueCodeableConcept",
        "path": "Observation.value[x]",
        "sliceName": "valueCodeableConcept",
        "max": "0",
        "type": [
          {
            "code": "CodeableConcept"
          }
        ]
      }
    ]
  }
}