{
  "resourceType": "Observation",
  "id": "pregnancy-status-not-pregnant",
  "meta": {
    "profile": [
      "https://www.netzwerk-universitaetsmedizin.de/fhir/StructureDefinition/pregnancy-status"
    ]
  },
  "code": {
    "coding": [
      {
        "system": "http://loinc.org",
        "code": "82810-3",
        "display": "Pregnancy status"
      }
    ],
    "text": "Pregnancy status"
  },
  "valueCodeableConcept": {
    "coding": [
      {
        "system": "http://loinc.org",
        "code": "LA26683-5",
        "display": "Not pregnant"
      },
      {
        "code": "60001007",
        "system": "http://snomed.info/sct",
        "display": "Not pregnant (finding)"
      }
    ]
  },
  "identifier": [
    {
      "type": {
        "coding": [
          {
            "code": "OBI",
            "system": "http://terminology.hl7.org/CodeSystem/v2-0203"
          }
        ]
      },
      "system": "https://www.charite.de/fhir/CodeSystem/observation-identifiers",
      "value": "82810-3_PregnancyDtatus",
      "assigner": {
        "reference": "Organization/Charité"
      }
    }
  ],
  "status": "final",
  "category": [
    {
      "coding": [
        {
          "code": "social-history",
          "system": "http://terminology.hl7.org/CodeSystem/observation-category"
        }
      ]
    }
  ],
  "subject": {
    "reference": "Patient/gecco-patient"
  },
  "effectiveDateTime": "2020-10-02"
}