{
  "resourceType": "Procedure",
  "id": "respiratory-therapy-not-performed",
  "meta": {
    "profile": [
      "https://www.netzwerk-universitaetsmedizin.de/fhir/StructureDefinition/respiratory-therapies"
    ]
  },
  "status": "not-done",
  "category": {
    "coding": [
      {
        "code": "277132007",
        "system": "http://snomed.info/sct",
        "display": "Therapeutic procedure (procedure)"
      }
    ]
  },
  "code": {
    "coding": [
      {
        "code": "53950000",
        "system": "http://snomed.info/sct",
        "display": "Respiratory therapy (procedure)"
      }
    ]
  },
  "subject": {
    "reference": "Patient/gecco-patient"
  },
  "_performedDateTime": {
    "extension": [
      {
        "url": "http://hl7.org/fhir/StructureDefinition/data-absent-reason",
        "valueCode": "not-performed"
      }
    ]
  }
}