{
  "resourceType": "Procedure",
  "id": "respiratory-therapy-artificial-respiration-unknown",
  "meta": {
    "profile": [
      "https://www.netzwerk-universitaetsmedizin.de/fhir/StructureDefinition/respiratory-therapies"
    ]
  },
  "status": "unknown",
  "category": {
    "coding": [
      {
        "code": "277132007",
        "system": "http://snomed.info/sct",
        "display": "Therapeutic procedure (procedure)"
      }
    ]
  },
  "code": {
    "coding": [
      {
        "code": "40617009",
        "system": "http://snomed.info/sct",
        "display": "Artificial respiration (procedure)"
      }
    ],
    "text": "Artificial respiration"
  },
  "subject": {
    "reference": "Patient/gecco-patient"
  },
  "_performedDateTime": {
    "extension": [
      {
        "url": "http://hl7.org/fhir/StructureDefinition/data-absent-reason",
        "valueCode": "unknown"
      }
    ]
  }
}