{
  "resourceType": "Procedure",
  "id": "respiratory-therapy-invasive-vent-endotrach-in-progress",
  "meta": {
    "profile": [
      "https://www.netzwerk-universitaetsmedizin.de/fhir/StructureDefinition/respiratory-therapies"
    ]
  },
  "status": "in-progress",
  "category": {
    "coding": [
      {
        "code": "277132007",
        "system": "http://snomed.info/sct",
        "display": "Therapeutic procedure (procedure)"
      }
    ]
  },
  "code": {
    "coding": [
      {
        "code": "40617009",
        "system": "http://snomed.info/sct",
        "display": "Artificial respiration (procedure)"
      }
    ],
    "text": "Invasive ventilation (orotracheal)"
  },
  "subject": {
    "reference": "Patient/gecco-patient"
  },
  "usedCode": [
    {
      "coding": [
        {
          "code": "26412008",
          "system": "http://snomed.info/sct",
          "display": "Endotracheal tube, device (physical object)"
        }
      ]
    }
  ],
  "_performedDateTime": {
    "extension": [
      {
        "url": "http://hl7.org/fhir/StructureDefinition/data-absent-reason",
        "valueCode": "unknown"
      }
    ]
  }
}