{
  "resourceType": "Procedure",
  "id": "respiratory-therapy-in-progress",
  "meta": {
    "profile": [
      "https://www.netzwerk-universitaetsmedizin.de/fhir/StructureDefinition/respiratory-therapies"
    ]
  },
  "status": "in-progress",
  "category": {
    "coding": [
      {
        "code": "277132007",
        "system": "http://snomed.info/sct",
        "display": "Therapeutic procedure (procedure)"
      }
    ]
  },
  "code": {
    "coding": [
      {
        "code": "53950000",
        "system": "http://snomed.info/sct",
        "display": "Respiratory therapy (procedure)"
      }
    ]
  },
  "subject": {
    "reference": "Patient/example"
  },
  "performedDateTime": "2020-09-21"
}