{
  "resourceType": "Observation",
  "id": "respiratory-rate",
  "meta": {
    "profile": [
      "https://www.netzwerk-universitaetsmedizin.de/fhir/StructureDefinition/respiratory-rate"
    ]
  },
  "category": [
    {
      "coding": [
        {
          "code": "vital-signs",
          "system": "http://terminology.hl7.org/CodeSystem/observation-category"
        }
      ]
    }
  ],
  "code": {
    "coding": [
      {
        "code": "9279-1",
        "system": "http://loinc.org",
        "display": "Respiratory rate"
      },
      {
        "code": "86290005",
        "system": "http://snomed.info/sct",
        "display": "Respiratory rate (observable entity)"
      }
    ],
    "text": "Respiratory rate"
  },
  "valueQuantity": {
    "system": "http://unitsofmeasure.org",
    "code": "/min",
    "value": 22,
    "unit": "per minute"
  },
  "identifier": [
    {
      "type": {
        "coding": [
          {
            "code": "OBI",
            "system": "http://terminology.hl7.org/CodeSystem/v2-0203"
          }
        ]
      },
      "system": "https://www.charite.de/fhir/CodeSystem/observation-identifiers",
      "value": "9279-1_RespiratoryRate",
      "assigner": {
        "reference": "Organization/Charité"
      }
    }
  ],
  "status": "final",
  "subject": {
    "reference": "Patient/gecco-patient"
  },
  "effectiveDateTime": "2020-09-25"
}