{
  "resourceType": "ValueSet",
  "status": "active",
  "name": "RheumatologicalImmunologicalDiseasesICD",
  "id": "rheumatological-immunological-diseases-icd",
  "title": "Rheumatological Immunological Diseases ICD-10-GM",
  "description": "Rheumatological or immunological diseases in the context of Covid-19 - ICD-10-GM",
  "version": "1.0.6",
  "url": "https://www.netzwerk-universitaetsmedizin.de/fhir/ValueSet/rheumatological-immunological-diseases-icd",
  "experimental": false,
  "publisher": "Berlin Institute of Health at Charité (BIH)",
  "contact": [
    {
      "telecom": [
        {
          "system": "url",
          "value": "https://www.bihealth.org/en/research/core-facilities/interoperability/"
        }
      ]
    }
  ],
  "meta": {
    "profile": [
      "http://hl7.org/fhir/StructureDefinition/shareablevalueset"
    ]
  },
  "extension": [
    {
      "url": "http://hl7.org/fhir/StructureDefinition/resource-effectivePeriod",
      "valuePeriod": {
        "start": "2020-05-04T22:30:24+02:00"
      }
    }
  ],
  "identifier": [
    {
      "use": "official",
      "system": "http://art-decor.org/ns/oids/vs",
      "value": "1.2.276.0.76.11.512"
    }
  ],
  "immutable": false,
  "compose": {
    "include": [
      {
        "system": "http://fhir.de/CodeSystem/bfarm/icd-10-gm",
        "version": "2020",
        "filter": [
          {
            "property": "concept",
            "op": "is-a",
            "value": "K50"
          },
          {
            "property": "child",
            "op": "exists",
            "value": "false"
          }
        ]
      },
      {
        "system": "http://fhir.de/CodeSystem/bfarm/icd-10-gm",
        "version": "2020",
        "filter": [
          {
            "property": "concept",
            "op": "is-a",
            "value": "K51"
          },
          {
            "property": "child",
            "op": "exists",
            "value": "false"
          }
        ]
      },
      {
        "system": "http://fhir.de/CodeSystem/bfarm/icd-10-gm",
        "version": "2020",
        "filter": [
          {
            "property": "concept",
            "op": "is-a",
            "value": "K52"
          },
          {
            "property": "child",
            "op": "exists",
            "value": "false"
          }
        ]
      },
      {
        "system": "http://fhir.de/CodeSystem/bfarm/icd-10-gm",
        "version": "2020",
        "filter": [
          {
            "property": "concept",
            "op": "is-a",
            "value": "M30"
          },
          {
            "property": "child",
            "op": "exists",
            "value": "false"
          }
        ]
      },
      {
        "system": "http://fhir.de/CodeSystem/bfarm/icd-10-gm",
        "version": "2020",
        "filter": [
          {
            "property": "concept",
            "op": "is-a",
            "value": "M31"
          },
          {
            "property": "child",
            "op": "exists",
            "value": "false"
          }
        ]
      },
      {
        "system": "http://fhir.de/CodeSystem/bfarm/icd-10-gm",
        "version": "2020",
        "filter": [
          {
            "property": "concept",
            "op": "is-a",
            "value": "M32"
          },
          {
            "property": "child",
            "op": "exists",
            "value": "false"
          }
        ]
      },
      {
        "system": "http://fhir.de/CodeSystem/bfarm/icd-10-gm",
        "version": "2020",
        "filter": [
          {
            "property": "concept",
            "op": "is-a",
            "value": "M33"
          },
          {
            "property": "child",
            "op": "exists",
            "value": "false"
          }
        ]
      },
      {
        "system": "http://fhir.de/CodeSystem/bfarm/icd-10-gm",
        "version": "2020",
        "filter": [
          {
            "property": "concept",
            "op": "is-a",
            "value": "M34"
          },
          {
            "property": "child",
            "op": "exists",
            "value": "false"
          }
        ]
      },
      {
        "system": "http://fhir.de/CodeSystem/bfarm/icd-10-gm",
        "version": "2020",
        "filter": [
          {
            "property": "concept",
            "op": "is-a",
            "value": "M35"
          },
          {
            "property": "child",
            "op": "exists",
            "value": "false"
          }
        ]
      },
      {
        "system": "http://fhir.de/CodeSystem/bfarm/icd-10-gm",
        "version": "2020",
        "filter": [
          {
            "property": "concept",
            "op": "is-a",
            "value": "M36"
          },
          {
            "property": "child",
            "op": "exists",
            "value": "false"
          }
        ]
      },
      {
        "system": "http://fhir.de/CodeSystem/bfarm/icd-10-gm",
        "version": "2020",
        "filter": [
          {
            "property": "concept",
            "op": "is-a",
            "value": "D80"
          },
          {
            "property": "child",
            "op": "exists",
            "value": "false"
          }
        ]
      },
      {
        "system": "http://fhir.de/CodeSystem/bfarm/icd-10-gm",
        "version": "2020",
        "filter": [
          {
            "property": "concept",
            "op": "is-a",
            "value": "D81"
          },
          {
            "property": "child",
            "op": "exists",
            "value": "false"
          }
        ]
      },
      {
        "system": "http://fhir.de/CodeSystem/bfarm/icd-10-gm",
        "version": "2020",
        "filter": [
          {
            "property": "concept",
            "op": "is-a",
            "value": "D82"
          },
          {
            "property": "child",
            "op": "exists",
            "value": "false"
          }
        ]
      },
      {
        "system": "http://fhir.de/CodeSystem/bfarm/icd-10-gm",
        "version": "2020",
        "filter": [
          {
            "property": "concept",
            "op": "is-a",
            "value": "D83"
          },
          {
            "property": "child",
            "op": "exists",
            "value": "false"
          }
        ]
      },
      {
        "system": "http://fhir.de/CodeSystem/bfarm/icd-10-gm",
        "version": "2020",
        "filter": [
          {
            "property": "concept",
            "op": "is-a",
            "value": "D84"
          },
          {
            "property": "child",
            "op": "exists",
            "value": "false"
          }
        ]
      },
      {
        "system": "http://fhir.de/CodeSystem/bfarm/icd-10-gm",
        "version": "2020",
        "filter": [
          {
            "property": "concept",
            "op": "is-a",
            "value": "D86"
          },
          {
            "property": "child",
            "op": "exists",
            "value": "false"
          }
        ]
      },
      {
        "system": "http://fhir.de/CodeSystem/bfarm/icd-10-gm",
        "version": "2020",
        "filter": [
          {
            "property": "concept",
            "op": "is-a",
            "value": "D89"
          },
          {
            "property": "child",
            "op": "exists",
            "value": "false"
          }
        ]
      },
      {
        "system": "http://fhir.de/CodeSystem/bfarm/icd-10-gm",
        "version": "2020",
        "filter": [
          {
            "property": "concept",
            "op": "is-a",
            "value": "D90"
          },
          {
            "property": "child",
            "op": "exists",
            "value": "false"
          }
        ]
      },
      {
        "system": "http://fhir.de/CodeSystem/bfarm/icd-10-gm",
        "version": "2021",
        "concept": [
          {
            "code": "K52.9",
            "display": "Nichtinfektiöse Gastroenteritis und Kolitis, nicht näher bezeichnet"
          },
          {
            "code": "M06.99",
            "display": "Chronische Polyarthritis, nicht näher bezeichnet : Nicht näher bezeichnete Lokalisation"
          },
          {
            "code": "M35.9",
            "display": "Krankheit mit Systembeteiligung des Bindegewebes, nicht näher bezeichnet"
          },
          {
            "code": "I77.6",
            "display": "Arteriitis, nicht näher bezeichnet"
          },
          {
            "code": "D84.8",
            "display": "Sonstige näher bezeichnete Immundefekte"
          }
        ]
      },
      {
        "system": "http://fhir.de/CodeSystem/bfarm/icd-10-gm",
        "version": "2021",
        "filter": [
          {
            "property": "concept",
            "op": "is-a",
            "value": "K50"
          },
          {
            "property": "child",
            "op": "exists",
            "value": "false"
          }
        ]
      },
      {
        "system": "http://fhir.de/CodeSystem/bfarm/icd-10-gm",
        "version": "2021",
        "filter": [
          {
            "property": "concept",
            "op": "is-a",
            "value": "K51"
          },
          {
            "property": "child",
            "op": "exists",
            "value": "false"
          }
        ]
      },
      {
        "system": "http://fhir.de/CodeSystem/bfarm/icd-10-gm",
        "version": "2021",
        "filter": [
          {
            "property": "concept",
            "op": "is-a",
            "value": "K52"
          },
          {
            "property": "child",
            "op": "exists",
            "value": "false"
          }
        ]
      },
      {
        "system": "http://fhir.de/CodeSystem/bfarm/icd-10-gm",
        "version": "2021",
        "filter": [
          {
            "property": "concept",
            "op": "is-a",
            "value": "M30"
          },
          {
            "property": "child",
            "op": "exists",
            "value": "false"
          }
        ]
      },
      {
        "system": "http://fhir.de/CodeSystem/bfarm/icd-10-gm",
        "version": "2021",
        "filter": [
          {
            "property": "concept",
            "op": "is-a",
            "value": "M31"
          },
          {
            "property": "child",
            "op": "exists",
            "value": "false"
          }
        ]
      },
      {
        "system": "http://fhir.de/CodeSystem/bfarm/icd-10-gm",
        "version": "2021",
        "filter": [
          {
            "property": "concept",
            "op": "is-a",
            "value": "M32"
          },
          {
            "property": "child",
            "op": "exists",
            "value": "false"
          }
        ]
      },
      {
        "system": "http://fhir.de/CodeSystem/bfarm/icd-10-gm",
        "version": "2021",
        "filter": [
          {
            "property": "concept",
            "op": "is-a",
            "value": "M33"
          },
          {
            "property": "child",
            "op": "exists",
            "value": "false"
          }
        ]
      },
      {
        "system": "http://fhir.de/CodeSystem/bfarm/icd-10-gm",
        "version": "2021",
        "filter": [
          {
            "property": "concept",
            "op": "is-a",
            "value": "M34"
          },
          {
            "property": "child",
            "op": "exists",
            "value": "false"
          }
        ]
      },
      {
        "system": "http://fhir.de/CodeSystem/bfarm/icd-10-gm",
        "version": "2021",
        "filter": [
          {
            "property": "concept",
            "op": "is-a",
            "value": "M35"
          },
          {
            "property": "child",
            "op": "exists",
            "value": "false"
          }
        ]
      },
      {
        "system": "http://fhir.de/CodeSystem/bfarm/icd-10-gm",
        "version": "2021",
        "filter": [
          {
            "property": "concept",
            "op": "is-a",
            "value": "M36"
          },
          {
            "property": "child",
            "op": "exists",
            "value": "false"
          }
        ]
      },
      {
        "system": "http://fhir.de/CodeSystem/bfarm/icd-10-gm",
        "version": "2021",
        "filter": [
          {
            "property": "concept",
            "op": "is-a",
            "value": "D80"
          },
          {
            "property": "child",
            "op": "exists",
            "value": "false"
          }
        ]
      },
      {
        "system": "http://fhir.de/CodeSystem/bfarm/icd-10-gm",
        "version": "2021",
        "filter": [
          {
            "property": "concept",
            "op": "is-a",
            "value": "D81"
          },
          {
            "property": "child",
            "op": "exists",
            "value": "false"
          }
        ]
      },
      {
        "system": "http://fhir.de/CodeSystem/bfarm/icd-10-gm",
        "version": "2021",
        "filter": [
          {
            "property": "concept",
            "op": "is-a",
            "value": "D82"
          },
          {
            "property": "child",
            "op": "exists",
            "value": "false"
          }
        ]
      },
      {
        "system": "http://fhir.de/CodeSystem/bfarm/icd-10-gm",
        "version": "2021",
        "filter": [
          {
            "property": "concept",
            "op": "is-a",
            "value": "D83"
          },
          {
            "property": "child",
            "op": "exists",
            "value": "false"
          }
        ]
      },
      {
        "system": "http://fhir.de/CodeSystem/bfarm/icd-10-gm",
        "version": "2021",
        "filter": [
          {
            "property": "concept",
            "op": "is-a",
            "value": "D84"
          },
          {
            "property": "child",
            "op": "exists",
            "value": "false"
          }
        ]
      },
      {
        "system": "http://fhir.de/CodeSystem/bfarm/icd-10-gm",
        "version": "2021",
        "filter": [
          {
            "property": "concept",
            "op": "is-a",
            "value": "D86"
          },
          {
            "property": "child",
            "op": "exists",
            "value": "false"
          }
        ]
      },
      {
        "system": "http://fhir.de/CodeSystem/bfarm/icd-10-gm",
        "version": "2021",
        "filter": [
          {
            "property": "concept",
            "op": "is-a",
            "value": "D89"
          },
          {
            "property": "child",
            "op": "exists",
            "value": "false"
          }
        ]
      },
      {
        "system": "http://fhir.de/CodeSystem/bfarm/icd-10-gm",
        "version": "2021",
        "filter": [
          {
            "property": "concept",
            "op": "is-a",
            "value": "D90"
          },
          {
            "property": "child",
            "op": "exists",
            "value": "false"
          }
        ]
      },
      {
        "system": "http://fhir.de/CodeSystem/bfarm/icd-10-gm",
        "version": "2022",
        "filter": [
          {
            "property": "concept",
            "op": "is-a",
            "value": "K50"
          },
          {
            "property": "child",
            "op": "exists",
            "value": "false"
          }
        ]
      },
      {
        "system": "http://fhir.de/CodeSystem/bfarm/icd-10-gm",
        "version": "2022",
        "filter": [
          {
            "property": "concept",
            "op": "is-a",
            "value": "K51"
          },
          {
            "property": "child",
            "op": "exists",
            "value": "false"
          }
        ]
      },
      {
        "system": "http://fhir.de/CodeSystem/bfarm/icd-10-gm",
        "version": "2022",
        "filter": [
          {
            "property": "concept",
            "op": "is-a",
            "value": "K52"
          },
          {
            "property": "child",
            "op": "exists",
            "value": "false"
          }
        ]
      },
      {
        "system": "http://fhir.de/CodeSystem/bfarm/icd-10-gm",
        "version": "2022",
        "filter": [
          {
            "property": "concept",
            "op": "is-a",
            "value": "M30"
          },
          {
            "property": "child",
            "op": "exists",
            "value": "false"
          }
        ]
      },
      {
        "system": "http://fhir.de/CodeSystem/bfarm/icd-10-gm",
        "version": "2022",
        "filter": [
          {
            "property": "concept",
            "op": "is-a",
            "value": "M31"
          },
          {
            "property": "child",
            "op": "exists",
            "value": "false"
          }
        ]
      },
      {
        "system": "http://fhir.de/CodeSystem/bfarm/icd-10-gm",
        "version": "2022",
        "filter": [
          {
            "property": "concept",
            "op": "is-a",
            "value": "M32"
          },
          {
            "property": "child",
            "op": "exists",
            "value": "false"
          }
        ]
      },
      {
        "system": "http://fhir.de/CodeSystem/bfarm/icd-10-gm",
        "version": "2022",
        "filter": [
          {
            "property": "concept",
            "op": "is-a",
            "value": "M33"
          },
          {
            "property": "child",
            "op": "exists",
            "value": "false"
          }
        ]
      },
      {
        "system": "http://fhir.de/CodeSystem/bfarm/icd-10-gm",
        "version": "2022",
        "filter": [
          {
            "property": "concept",
            "op": "is-a",
            "value": "M34"
          },
          {
            "property": "child",
            "op": "exists",
            "value": "false"
          }
        ]
      },
      {
        "system": "http://fhir.de/CodeSystem/bfarm/icd-10-gm",
        "version": "2022",
        "filter": [
          {
            "property": "concept",
            "op": "is-a",
            "value": "M35"
          },
          {
            "property": "child",
            "op": "exists",
            "value": "false"
          }
        ]
      },
      {
        "system": "http://fhir.de/CodeSystem/bfarm/icd-10-gm",
        "version": "2022",
        "filter": [
          {
            "property": "concept",
            "op": "is-a",
            "value": "M36"
          },
          {
            "property": "child",
            "op": "exists",
            "value": "false"
          }
        ]
      },
      {
        "system": "http://fhir.de/CodeSystem/bfarm/icd-10-gm",
        "version": "2022",
        "filter": [
          {
            "property": "concept",
            "op": "is-a",
            "value": "D80"
          },
          {
            "property": "child",
            "op": "exists",
            "value": "false"
          }
        ]
      },
      {
        "system": "http://fhir.de/CodeSystem/bfarm/icd-10-gm",
        "version": "2022",
        "filter": [
          {
            "property": "concept",
            "op": "is-a",
            "value": "D81"
          },
          {
            "property": "child",
            "op": "exists",
            "value": "false"
          }
        ]
      },
      {
        "system": "http://fhir.de/CodeSystem/bfarm/icd-10-gm",
        "version": "2022",
        "filter": [
          {
            "property": "concept",
            "op": "is-a",
            "value": "D82"
          },
          {
            "property": "child",
            "op": "exists",
            "value": "false"
          }
        ]
      },
      {
        "system": "http://fhir.de/CodeSystem/bfarm/icd-10-gm",
        "version": "2022",
        "filter": [
          {
            "property": "concept",
            "op": "is-a",
            "value": "D83"
          },
          {
            "property": "child",
            "op": "exists",
            "value": "false"
          }
        ]
      },
      {
        "system": "http://fhir.de/CodeSystem/bfarm/icd-10-gm",
        "version": "2022",
        "filter": [
          {
            "property": "concept",
            "op": "is-a",
            "value": "D84"
          },
          {
            "property": "child",
            "op": "exists",
            "value": "false"
          }
        ]
      },
      {
        "system": "http://fhir.de/CodeSystem/bfarm/icd-10-gm",
        "version": "2022",
        "filter": [
          {
            "property": "concept",
            "op": "is-a",
            "value": "D86"
          },
          {
            "property": "child",
            "op": "exists",
            "value": "false"
          }
        ]
      },
      {
        "system": "http://fhir.de/CodeSystem/bfarm/icd-10-gm",
        "version": "2022",
        "filter": [
          {
            "property": "concept",
            "op": "is-a",
            "value": "D89"
          },
          {
            "property": "child",
            "op": "exists",
            "value": "false"
          }
        ]
      },
      {
        "system": "http://fhir.de/CodeSystem/bfarm/icd-10-gm",
        "version": "2022",
        "filter": [
          {
            "property": "concept",
            "op": "is-a",
            "value": "D90"
          },
          {
            "property": "child",
            "op": "exists",
            "value": "false"
          }
        ]
      }
    ]
  }
}