{
  "resourceType": "Condition",
  "id": "rheumatological-immunological-disease-congenital-absent",
  "meta": {
    "profile": [
      "https://www.netzwerk-universitaetsmedizin.de/fhir/StructureDefinition/rheumatological-immunological-diseases"
    ]
  },
  "verificationStatus": {
    "coding": [
      {
        "system": "http://terminology.hl7.org/CodeSystem/condition-ver-status",
        "code": "refuted",
        "display": "Refuted"
      },
      {
        "system": "http://snomed.info/sct",
        "code": "410594000",
        "display": "Definitely NOT present (qualifier value)"
      }
    ]
  },
  "category": [
    {
      "coding": [
        {
          "code": "394810000",
          "system": "http://snomed.info/sct",
          "display": "Rheumatology"
        },
        {
          "code": "408480009",
          "system": "http://snomed.info/sct",
          "display": "Clinical immunology"
        }
      ]
    }
  ],
  "code": {
    "coding": [
      {
        "code": "36138009",
        "system": "http://snomed.info/sct",
        "display": "Congenital immunodeficiency disease"
      }
    ]
  },
  "subject": {
    "reference": "Patient/gecco-patient"
  },
  "recordedDate": "2020-10-06"
}