{
  "resourceType": "ValueSet",
  "status": "active",
  "name": "RheumatologicalImmunologicalDiseases",
  "id": "rheumatological-immunological-diseases",
  "title": "Rheumatological Immunological Diseases",
  "description": "Rheumatological or immunological diseases in the context of Covid-19",
  "version": "1.0.6",
  "url": "https://www.netzwerk-universitaetsmedizin.de/fhir/ValueSet/rheumatological-immunological-diseases",
  "experimental": false,
  "publisher": "Berlin Institute of Health at Charité (BIH)",
  "contact": [
    {
      "telecom": [
        {
          "system": "url",
          "value": "https://www.bihealth.org/en/research/core-facilities/interoperability/"
        }
      ]
    }
  ],
  "meta": {
    "profile": [
      "http://hl7.org/fhir/StructureDefinition/shareablevalueset"
    ]
  },
  "extension": [
    {
      "url": "http://hl7.org/fhir/StructureDefinition/resource-effectivePeriod",
      "valuePeriod": {
        "start": "2020-04-25T23:32:23+02:00"
      }
    },
    {
      "url": "http://hl7.org/fhir/StructureDefinition/valueset-supplement",
      "valueCanonical": "https://www.netzwerk-universitaetsmedizin.de/fhir/CodeSystem/snomed-pce-supplement|1.0.6"
    }
  ],
  "identifier": [
    {
      "use": "official",
      "system": "http://art-decor.org/ns/oids/vs",
      "value": "1.2.276.0.76.11.474"
    }
  ],
  "immutable": false,
  "copyright": "This artefact includes content from SNOMED Clinical Terms® (SNOMED CT®) which is copyright of the International Health Terminology Standards Development Organisation (IHTSDO). Implementers of these artefacts must have the appropriate SNOMED CT Affiliate license - for more information contact http://www.snomed.org/snomed-ct/getsnomed-ct or info@snomed.org.",
  "compose": {
    "include": [
      {
        "system": "http://snomed.info/sct",
        "concept": [
          {
            "code": "24526004",
            "display": "Inflammatory bowel disease (disorder)"
          },
          {
            "code": "69896004",
            "display": "Rheumatoid arthritis (disorder)"
          },
          {
            "code": "105969002",
            "display": "Disorder of connective tissue (disorder)"
          },
          {
            "code": "31996006",
            "display": "Vasculitis (disorder)"
          },
          {
            "code": "36138009",
            "display": "Congenital immunodeficiency disease (disorder)"
          },
          {
            "code": "396332003+414029004",
            "display": "Rheumatism (disorder) + Disorder of immune function (disorder)"
          }
        ]
      },
      {
        "system": "http://snomed.info/sct",
        "filter": [
          {
            "property": "concept",
            "op": "is-a",
            "value": "128139000"
          }
        ]
      },
      {
        "system": "http://snomed.info/sct",
        "filter": [
          {
            "property": "concept",
            "op": "is-a",
            "value": "414029004"
          }
        ]
      },
      {
        "system": "http://snomed.info/sct",
        "filter": [
          {
            "property": "concept",
            "op": "is-a",
            "value": "81573002"
          }
        ]
      },
      {
        "system": "http://snomed.info/sct",
        "filter": [
          {
            "property": "concept",
            "op": "is-a",
            "value": "396332003"
          }
        ]
      }
    ]
  }
}