{
  "resourceType": "Observation",
  "id": "sars-cov-2-igm-ser-pl-ql-ia",
  "meta": {
    "profile": [
      "https://www.netzwerk-universitaetsmedizin.de/fhir/StructureDefinition/sars-cov-2-igm-ser-pl-ql-ia"
    ]
  },
  "identifier": [
    {
      "type": {
        "coding": [
          {
            "system": "http://terminology.hl7.org/CodeSystem/v2-0203",
            "code": "OBI"
          }
        ]
      },
      "system": "https://www.charite.de/fhir/CodeSystem/lab-identifiers",
      "value": "94564-2_SARS-CoV-2-IgM-Ql",
      "assigner": {
        "reference": "Organization/Charité"
      }
    }
  ],
  "category": [
    {
      "coding": [
        {
          "system": "http://loinc.org",
          "code": "26436-6"
        },
        {
          "system": "http://terminology.hl7.org/CodeSystem/observation-category",
          "code": "laboratory"
        }
      ]
    }
  ],
  "code": {
    "coding": [
      {
        "code": "94564-2",
        "system": "http://loinc.org",
        "display": "SARS-CoV-2 (COVID-19) IgM Ab [Presence] in Serum or Plasma by Immunoassay"
      }
    ],
    "text": "SARS-CoV-2 IgM antibodies qualitative"
  },
  "status": "final",
  "subject": {
    "reference": "Patient/gecco-patient"
  },
  "effectiveDateTime": "2020-10-19T08:43:33+02:00",
  "valueCodeableConcept": {
    "coding": [
      {
        "code": "260373001",
        "system": "http://snomed.info/sct",
        "display": "Detected (qualifier value)"
      }
    ]
  }
}