{
  "resourceType": "Observation",
  "id": "sex-assigned-at-birth-unknown",
  "meta": {
    "profile": [
      "https://www.netzwerk-universitaetsmedizin.de/fhir/StructureDefinition/sex-assigned-at-birth"
    ]
  },
  "category": [
    {
      "coding": [
        {
          "code": "social-history",
          "system": "http://terminology.hl7.org/CodeSystem/observation-category",
          "display": "Social History"
        }
      ]
    }
  ],
  "code": {
    "coding": [
      {
        "code": "76689-9",
        "system": "http://loinc.org",
        "display": "Sex assigned at birth"
      }
    ]
  },
  "status": "final",
  "subject": {
    "reference": "Patient/gecco-patient"
  },
  "effectiveDateTime": "2020-10-26T10:51:48+01:00",
  "valueCodeableConcept": {
    "coding": [
      {
        "code": "unknown",
        "system": "http://hl7.org/fhir/administrative-gender",
        "display": "Unknown"
      }
    ],
    "text": "Unknown"
  }
}