{
  "resourceType": "CodeSystem",
  "status": "active",
  "content": "supplement",
  "name": "SNOMEDsupplement",
  "id": "snomed-pce-supplement",
  "title": "SNOMED Supplement CodeSystem",
  "description": "CodeSystem supplement for SNOMED CT post-coordinated expressions.",
  "version": "1.0.6",
  "url": "https://www.netzwerk-universitaetsmedizin.de/fhir/CodeSystem/snomed-pce-supplement",
  "concept": [
    {
      "code": "118247008| Radiologic finding|:{363713009| Has interpretation|=373068000| Undetermined|}",
      "display": "Radiological finding of undetermined significance"
    },
    {
      "code": "118247008| Radiologic finding|:{363713009| Has interpretation|=263654008| Abnormal|,42752001| Due to|=840539006| COVID-19|}",
      "display": "Radiological finding characteristic for COVID-19"
    },
    {
      "code": "118247008| Radiologic finding|:{363713009| Has interpretation|=17621005| Normal|}",
      "display": "Radiological finding normal"
    },
    {
      "code": "396332003+414029004",
      "display": "Rheumatological/immunological disease"
    },
    {
      "code": "836498007+836388000",
      "display": "Vaccine product containing Mumps orthorubulavirus antigen (medicinal product) + Vaccine product containing Rubella virus antigen (medicinal product)"
    },
    {
      "code": "871729003+836380007+601000221108+863911006+836374004+871871008",
      "display": "Vaccine product containing only Corynebacterium diphtheriae antigen (medicinal product) + Vaccine product containing Haemophilus influenzae type B antigen (medicinal product) + Vaccine product containing Bordetella pertussis antigen (medicinal product) + Vaccine product containing Clostridium tetani antigen (medicinal product) + Vaccine product containing Hepatitis B virus antigen (medicinal product) + Vaccine product containing only Neisseria meningitidis serogroup A and C antigens (medicinal product)"
    },
    {
      "code": "871729003+836380007+601000221108+863911006+836374004",
      "display": "Vaccine product containing only Corynebacterium diphtheriae antigen (medicinal product) + Vaccine product containing Haemophilus influenzae type B antigen (medicinal product) + Vaccine product containing Bordetella pertussis antigen (medicinal product) + Vaccine product containing Clostridium tetani antigen (medicinal product) + Vaccine product containing Hepatitis B virus antigen (medicinal product)"
    },
    {
      "code": "871729003+836374004+863911006",
      "display": "Vaccine product containing only Corynebacterium diphtheriae antigen (medicinal product) + Vaccine product containing Hepatitis B virus antigen (medicinal product) + Vaccine product containing Clostridium tetani antigen (medicinal product)"
    },
    {
      "code": "863911006+836374004+601000221108+836381006",
      "display": "Vaccine product containing Clostridium tetani antigen (medicinal product) + Vaccine product containing Hepatitis B virus antigen (medicinal product) + Vaccine product containing Bordetella pertussis antigen (medicinal product) + Vaccine product containing Corynebacterium diphtheriae antigen (medicinal product)"
    },
    {
      "code": "836380007+1031000221108",
      "display": "Vaccine product containing Haemophilus influenzae type B antigen (medicinal product) + Vaccine product containing Human poliovirus antigen (medicinal product)"
    },
    {
      "code": "871729003+836388000+863911006",
      "display": "Vaccine product containing only Corynebacterium diphtheriae antigen (medicinal product) + Vaccine product containing Rubella virus antigen (medicinal product) + Vaccine product containing Clostridium tetani antigen (medicinal product)"
    },
    {
      "code": "836382004+836388000",
      "display": "Vaccine product containing Measles morbillivirus antigen (medicinal product) + Vaccine product containing Rubella virus antigen (medicinal product)"
    },
    {
      "code": "836498007+836382004",
      "display": "Vaccine product containing Mumps orthorubulavirus antigen (medicinal product) + Vaccine product containing Measles morbillivirus antigen (medicinal product)"
    },
    {
      "code": "836398006+836380007",
      "display": "Vaccine product containing Streptococcus pneumoniae antigen (medicinal product) + Vaccine product containing Haemophilus influenzae type B antigen (medicinal product)"
    },
    {
      "code": "836380007+601000221108",
      "display": "Vaccine product containing Haemophilus influenzae type B antigen (medicinal product) + Vaccine product containing Bordetella pertussis antigen (medicinal product)"
    },
    {
      "code": "836383009+836390004",
      "display": "Vaccine product containing Vibrio cholerae antigen (medicinal product) + Vaccine product containing Salmonella enterica subspecies enterica serovar Typhi antigen (medicinal product)"
    }
  ],
  "experimental": false,
  "publisher": "Berlin Institute of Health at Charité (BIH)",
  "contact": [
    {
      "telecom": [
        {
          "system": "url",
          "value": "https://www.bihealth.org/en/research/core-facilities/interoperability/"
        }
      ]
    }
  ],
  "date": "2021-09-20",
  "supplements": "http://snomed.info/sct|http://snomed.info/sct/900000000000207008/version/20210131"
}