{
  "resourceType": "ValueSet",
  "status": "active",
  "name": "SOFAScore",
  "id": "sofa-score",
  "title": "SOFA-Score",
  "description": "SOFA score based on: Vincent JL, Moreno R, Takala J, et al. The SOFA (Sepsis-related Organ Failure Assessment) score to describe organ dysfunction/failure. On behalf of the Working Group on Sepsis-Related Problems of the European Society of Intensive Care Medicine. Intensive Care Med. 1996;22(7):707-710. doi:10.1007/BF01709751.",
  "version": "1.0.6",
  "url": "https://www.netzwerk-universitaetsmedizin.de/fhir/ValueSet/sofa-score",
  "experimental": false,
  "publisher": "Berlin Institute of Health at Charité (BIH)",
  "contact": [
    {
      "telecom": [
        {
          "system": "url",
          "value": "https://www.bihealth.org/en/research/core-facilities/interoperability/"
        }
      ]
    }
  ],
  "meta": {
    "profile": [
      "http://hl7.org/fhir/StructureDefinition/shareablevalueset"
    ]
  },
  "date": "2020-08-11",
  "compose": {
    "include": [
      {
        "system": "https://www.netzwerk-universitaetsmedizin.de/fhir/CodeSystem/sofa-score"
      }
    ]
  }
}