{
  "resourceType": "ValueSet",
  "status": "active",
  "name": "VaccinesATC",
  "id": "vaccines-atc",
  "title": "Vaccines ATC",
  "description": "This value set contains ATC codes for vaccines",
  "version": "1.0.6",
  "url": "https://www.netzwerk-universitaetsmedizin.de/fhir/ValueSet/vaccines-atc",
  "experimental": false,
  "publisher": "Berlin Institute of Health at Charité (BIH)",
  "contact": [
    {
      "telecom": [
        {
          "system": "url",
          "value": "https://www.bihealth.org/en/research/core-facilities/interoperability/"
        }
      ]
    }
  ],
  "immutable": false,
  "compose": {
    "include": [
      {
        "system": "http://fhir.de/CodeSystem/bfarm/atc",
        "version": "2020",
        "filter": [
          {
            "property": "concept",
            "op": "descendent-of",
            "value": "J07"
          }
        ]
      },
      {
        "system": "http://fhir.de/CodeSystem/bfarm/atc",
        "version": "2021",
        "concept": [
          {
            "code": "J07AR",
            "display": "Typhus (exanthematicus)-Impfstoff"
          },
          {
            "code": "J07AR01",
            "display": "Typhus exanthematicus, inaktiviert, ganze Zelle"
          },
          {
            "code": "J07AC",
            "display": "Milzbrand-Impfstoffe"
          },
          {
            "code": "J07AC01",
            "display": "Anthrax-Antigen"
          },
          {
            "code": "J07AD",
            "display": "Brucellose-Impfstoffe"
          },
          {
            "code": "J07AD01",
            "display": "Brucella-Antigen"
          },
          {
            "code": "J07AE",
            "display": "Cholera-Impfstoffe"
          },
          {
            "code": "J07AE01",
            "display": "Cholera, inaktiviert, ganze Zelle"
          },
          {
            "code": "J07AE02",
            "display": "Cholera, lebend abgeschwächt"
          },
          {
            "code": "J07AE51",
            "display": "Cholera, Kombinationen mit Typhus-Impfstoff,  inaktiviert, ganze Zelle"
          },
          {
            "code": "J07AF",
            "display": "Diphtherie-Impfstoffe"
          },
          {
            "code": "J07AF01",
            "display": "Diphtherie-Toxoid"
          },
          {
            "code": "J07AG",
            "display": "Haemophilus influenzae B-Impfstoffe"
          },
          {
            "code": "J07AG01",
            "display": "Haemophilus influenzae B, gereinigtes Antigen konjugiert"
          },
          {
            "code": "J07AG51",
            "display": "Haemophilus influenzae B, Kombinationen mit Toxoiden"
          },
          {
            "code": "J07AG52",
            "display": "Haemophilus influenzae B, Kombinationen mit Pertussis und Toxoiden"
          },
          {
            "code": "J07AG53",
            "display": "Haemophilus influenzae B, Kombinationen mit  Meningokokken C, konjugiert"
          },
          {
            "code": "J07AH",
            "display": "Meningokokken-Impfstoffe"
          },
          {
            "code": "J07AH01",
            "display": "Meningokokken A, gereinigtes Polysaccharid-Antigen"
          },
          {
            "code": "J07AH02",
            "display": "Andere Meningokokken monovalent,  gereinigtes Polysaccharid-Antigen"
          },
          {
            "code": "J07AH03",
            "display": "Meningokokken bivalent (A, C),  gereinigtes Polysaccharid-Antigen"
          },
          {
            "code": "J07AH04",
            "display": "Meningokokken tetravalent (A, C, Y, W-135),  gereinigtes Polysaccharid-Antigen"
          },
          {
            "code": "J07AH05",
            "display": "Andere Meningokokken polyvalent,  gereinigtes Polysaccharid-Antigen"
          },
          {
            "code": "J07AH06",
            "display": "Meningokokken B, äußere Vesikelmembran-Impfstoff"
          },
          {
            "code": "J07AH07",
            "display": "Meningokokken C, gereinigtes Polysaccharid-Antigen,  konjugiert"
          },
          {
            "code": "J07AH08",
            "display": "Meningokokken tetravalent (A, C, Y, W-135),  gereinigtes Polysaccharid-Antigen, konjugiert"
          },
          {
            "code": "J07AH09",
            "display": "Meningokokken B, Multikomponenten-Impfstoff"
          },
          {
            "code": "J07AH10",
            "display": "Meningokokken A, gereinigtes Polysaccharid-Antigen,  konjugiert"
          },
          {
            "code": "J07AJ",
            "display": "Pertussis-Impfstoffe"
          },
          {
            "code": "J07AJ01",
            "display": "Pertussis, inaktiviert, ganze Zelle"
          },
          {
            "code": "J07AJ02",
            "display": "Pertussis, gereinigtes Antigen"
          },
          {
            "code": "J07AJ51",
            "display": "Pertussis, inaktiviert, ganze Zelle, Kombinationen mit Toxoiden"
          },
          {
            "code": "J07AJ52",
            "display": "Pertussis, gereinigtes Antigen, Kombinationen mit Toxoiden"
          },
          {
            "code": "J07AK",
            "display": "Pest-Impfstoffe"
          },
          {
            "code": "J07AK01",
            "display": "Pest, inaktiviert, ganze Zelle"
          },
          {
            "code": "J07AL",
            "display": "Pneumokokken-Impfstoffe"
          },
          {
            "code": "J07AL01",
            "display": "Pneumokokken, gereinigtes Polysaccharid-Antigen"
          },
          {
            "code": "J07AL02",
            "display": "Pneumokokken, gereinigtes Polysaccharid-Antigen, konjugiert"
          },
          {
            "code": "J07AL52",
            "display": "Pneumokokken, gereinigtes Polysaccharid-Antigen  und Haemophilus influenzae B, konjugiert"
          },
          {
            "code": "J07AM",
            "display": "Tetanus-Impfstoffe"
          },
          {
            "code": "J07AM01",
            "display": "Tetanus-Toxoid"
          },
          {
            "code": "J07AM51",
            "display": "Tetanus-Toxoid, Kombinationen mit Diphtherie-Toxoid"
          },
          {
            "code": "J07AM52",
            "display": "Tetanus-Toxoid, Kombinationen mit Tetanus-Immunglobulin"
          },
          {
            "code": "J07AN",
            "display": "Tuberkulose-Impfstoffe"
          },
          {
            "code": "J07AN01",
            "display": "Tuberkulose, lebend abgeschwächt"
          },
          {
            "code": "J07AP",
            "display": "Typhus-Impfstoffe"
          },
          {
            "code": "J07AP01",
            "display": "Typhus, oral, lebend abgeschwächt"
          },
          {
            "code": "J07AP02",
            "display": "Typhus, inaktiviert, ganze Zelle"
          },
          {
            "code": "J07AP03",
            "display": "Typhus, gereinigtes Polysaccharid-Antigen"
          },
          {
            "code": "J07AP10",
            "display": "Typhus, Kombinationen mit Paratyphustypen"
          },
          {
            "code": "J07BA",
            "display": "Encephalitis-Impfstoffe"
          },
          {
            "code": "J07BA01",
            "display": "FSME, inaktiviert, ganzes Virus"
          },
          {
            "code": "J07BA02",
            "display": "Encephalitis, japanische, inaktiviert, ganzes Virus"
          },
          {
            "code": "J07BA03",
            "display": "Encephalitis, japanische, lebend abgeschwächt"
          },
          {
            "code": "J07BB",
            "display": "Influenza-Impfstoffe"
          },
          {
            "code": "J07BB01",
            "display": "Influenza, inaktiviert, ganzes Virus"
          },
          {
            "code": "J07BB02",
            "display": "Influenza, inaktiviert, Spaltvirus oder Oberflächenantigen"
          },
          {
            "code": "J07BB03",
            "display": "Influenza, lebend abgeschwächt"
          },
          {
            "code": "J07BC",
            "display": "Hepatitis-Impfstoffe"
          },
          {
            "code": "J07BC01",
            "display": "Hepatitis B, gereinigtes Antigen"
          },
          {
            "code": "J07BC02",
            "display": "Hepatitis A, inaktiviert, ganzes Virus"
          },
          {
            "code": "J07BC03",
            "display": "Hepatitis A, gereinigtes Antigen"
          },
          {
            "code": "J07BC20",
            "display": "Kombinationen"
          },
          {
            "code": "J07BD",
            "display": "Masern-Impfstoffe"
          },
          {
            "code": "J07BD01",
            "display": "Masern, lebend abgeschwächt"
          },
          {
            "code": "J07BD51",
            "display": "Masern, Kombinationen mit Mumps, lebend abgeschwächt"
          },
          {
            "code": "J07BD52",
            "display": "Masern, Kombinationen mit Mumps und Röteln,  lebend abgeschwächt"
          },
          {
            "code": "J07BD53",
            "display": "Masern, Kombinationen mit Röteln, lebend abgeschwächt"
          },
          {
            "code": "J07BD54",
            "display": "Masern, Kombinationen mit Mumps, Röteln und Varicella,  lebend abgeschwächt"
          },
          {
            "code": "J07BE",
            "display": "Mumps-Impfstoffe"
          },
          {
            "code": "J07BE01",
            "display": "Mumps, lebend abgeschwächt"
          },
          {
            "code": "J07BF",
            "display": "Poliomyelitis-Impfstoffe"
          },
          {
            "code": "J07BF01",
            "display": "Poliomyelitis, oral, monovalent, lebend abgeschwächt"
          },
          {
            "code": "J07BF02",
            "display": "Poliomyelitis, oral, trivalent, lebend abgeschwächt"
          },
          {
            "code": "J07BF03",
            "display": "Poliomyelitis, trivalent, inaktiviert, ganzes Virus"
          },
          {
            "code": "J07BF04",
            "display": "Poliomyelitis, oral, bivalent, lebend abgeschwächt"
          },
          {
            "code": "J07BG",
            "display": "Tollwut-Impfstoffe"
          },
          {
            "code": "J07BG01",
            "display": "Tollwut, inaktiviert, ganzes Virus"
          },
          {
            "code": "J07BH",
            "display": "Rotavirus-Diarrhoe-Impfstoffe"
          },
          {
            "code": "J07BH01",
            "display": "Rotavirus, lebend abgeschwächt"
          },
          {
            "code": "J07BH02",
            "display": "Rotavirus, pentavalent, lebend, Reassortanten"
          },
          {
            "code": "J07BJ",
            "display": "Röteln-Impfstoffe"
          },
          {
            "code": "J07BJ01",
            "display": "Röteln, lebend abgeschwächt"
          },
          {
            "code": "J07BJ51",
            "display": "Röteln, Kombinationen mit Mumps, lebend abgeschwächt"
          },
          {
            "code": "J07BK",
            "display": "Varicella Zoster Impfstoffe"
          },
          {
            "code": "J07BK01",
            "display": "Varicella, lebend abgeschwächt"
          },
          {
            "code": "J07BK02",
            "display": "Zoster Virus, lebend abgeschwächt"
          },
          {
            "code": "J07BK03",
            "display": "Zoster Virus, gereinigtes Antigen"
          },
          {
            "code": "J07BL",
            "display": "Gelbfieber-Impfstoffe"
          },
          {
            "code": "J07BL01",
            "display": "Gelbfieber, lebend abgeschwächt"
          },
          {
            "code": "J07BM",
            "display": "Papillomvirus-Impfstoffe"
          },
          {
            "code": "J07BM01",
            "display": "Humaner-Papillomvirus-Impfstoff (Typen 6,11,16,18)"
          },
          {
            "code": "J07BM02",
            "display": "Humaner-Papillomvirus-Impfstoff (Typen 16,18)"
          },
          {
            "code": "J07BM03",
            "display": "Humaner-Papillomvirus-Impfstoff  (Typen 6,11,16,18,31,33,45,52,58)"
          },
          {
            "code": "J07BX",
            "display": "Andere virale Impfstoffe"
          },
          {
            "code": "J07BX01",
            "display": "Pocken-Impfstoff, lebend, modifiziert"
          },
          {
            "code": "J07BX03",
            "display": "Covid-19-Impfstoffe"
          },
          {
            "code": "J07CA",
            "display": "Bakterielle und virale Impfstoffe, kombiniert"
          },
          {
            "code": "J07CA01",
            "display": "Diphtherie-Poliomyelitis-Tetanus"
          },
          {
            "code": "J07CA02",
            "display": "Diphtherie-Pertussis-Poliomyelitis-Tetanus"
          },
          {
            "code": "J07CA03",
            "display": "Diphtherie-Röteln-Tetanus"
          },
          {
            "code": "J07CA04",
            "display": "Haemophilus influenzae B und Poliomyelitis"
          },
          {
            "code": "J07CA05",
            "display": "Diphtherie-Hepatitis B-Pertussis-Tetanus"
          },
          {
            "code": "J07CA06",
            "display": "Diphtherie-Haemophilus influenzae  B-Pertussis-Poliomyelitis-Tetanus"
          },
          {
            "code": "J07CA07",
            "display": "Diphtherie-Hepatitis B-Tetanus"
          },
          {
            "code": "J07CA08",
            "display": "Haemophilus influenzae B und Hepatitis B"
          },
          {
            "code": "J07CA09",
            "display": "Diphtherie-Haemophilus influenzae  B-Pertussis-Poliomyelitis-Tetanus-Hepatitis B"
          },
          {
            "code": "J07CA10",
            "display": "Typhus-Hepatitis A"
          },
          {
            "code": "J07CA11",
            "display": "Diphtherie-Haemophilus influenzae  B-Pertussis-Tetanus-Hepatitis B"
          },
          {
            "code": "J07CA12",
            "display": "Diphtherie-Pertussis-Poliomyelitis-Tetanus-Hepatitis B"
          },
          {
            "code": "J07CA13",
            "display": "Diphtherie-Haemophilus influenzae  B-Pertussis-Tetanus-Hepatitis B-Meningokokken  A + C"
          }
        ]
      },
      {
        "system": "http://fhir.de/CodeSystem/bfarm/atc",
        "version": "2022",
        "filter": [
          {
            "property": "concept",
            "op": "descendent-of",
            "value": "J07"
          }
        ]
      }
    ]
  }
}