{
  "resourceType": "ValueSet",
  "status": "active",
  "name": "VaccinationTargetDiseasesSNOMED",
  "id": "vaccination-target-diseases-snomed",
  "title": "Vaccines SNOMED",
  "description": "This value set contains SNOMED codes for diseases that were vaccinated against.",
  "version": "1.0.6",
  "url": "https://www.netzwerk-universitaetsmedizin.de/fhir/ValueSet/vaccination-target-diseases-snomed",
  "experimental": false,
  "publisher": "Berlin Institute of Health at Charité (BIH)",
  "contact": [
    {
      "telecom": [
        {
          "system": "url",
          "value": "https://www.bihealth.org/en/research/core-facilities/interoperability/"
        }
      ]
    }
  ],
  "immutable": false,
  "copyright": "This artefact includes content from SNOMED Clinical Terms® (SNOMED CT®) which is copyright of the International Health Terminology Standards Development Organisation (IHTSDO). Implementers of these artefacts must have the appropriate SNOMED CT Affiliate license - for more information contact http://www.snomed.org/snomed-ct/getsnomed-ct or info@snomed.org.",
  "compose": {
    "include": [
      {
        "system": "http://snomed.info/sct",
        "version": "http://snomed.info/sct/900000000000207008/version/20210131",
        "concept": [
          {
            "code": "840539006",
            "display": "Disease caused by Severe acute respiratory syndrome coronavirus 2 (disorder)"
          },
          {
            "code": "67924001",
            "display": "Smallpox (disorder)"
          },
          {
            "code": "240532009",
            "display": "Human papillomavirus infection (disorder)"
          },
          {
            "code": "16541001",
            "display": "Yellow fever (disorder)"
          },
          {
            "code": "4740000",
            "display": "Herpes zoster (disorder)"
          },
          {
            "code": "38907003",
            "display": "Varicella (disorder)"
          },
          {
            "code": "36653000",
            "display": "Rubella (disorder)"
          },
          {
            "code": "18624000",
            "display": "Disease caused by Rotavirus (disorder)"
          },
          {
            "code": "14168008",
            "display": "Rabies (disorder)"
          },
          {
            "code": "398102009",
            "display": "Acute poliomyelitis (disorder)"
          },
          {
            "code": "36989005",
            "display": "Mumps (disorder)"
          },
          {
            "code": "14189004",
            "display": "Measles (disorder)"
          },
          {
            "code": "40468003",
            "display": "Viral hepatitis, type A (disorder)"
          },
          {
            "code": "66071002",
            "display": "Viral hepatitis type B (disorder)"
          },
          {
            "code": "6142004",
            "display": "Influenza (disorder)"
          },
          {
            "code": "52947006",
            "display": "Japanese encephalitis virus disease (disorder)"
          },
          {
            "code": "16901001",
            "display": "Central European encephalitis (disorder)"
          },
          {
            "code": "4834000",
            "display": "Typhoid fever (disorder)"
          },
          {
            "code": "56717001",
            "display": "Tuberculosis (disorder)"
          },
          {
            "code": "76902006",
            "display": "Tetanus (disorder)"
          },
          {
            "code": "16814004",
            "display": "Pneumococcal infectious disease (disorder)"
          },
          {
            "code": "58750007",
            "display": "Plague (disorder)"
          },
          {
            "code": "27836007",
            "display": "Pertussis (disorder)"
          },
          {
            "code": "23511006",
            "display": "Meningococcal infectious disease (disorder)"
          },
          {
            "code": "709410003",
            "display": "Haemophilus influenzae type b infection (disorder)"
          },
          {
            "code": "397430003",
            "display": "Diphtheria caused by Corynebacterium diphtheriae (disorder)"
          },
          {
            "code": "63650001",
            "display": "Cholera (disorder)"
          },
          {
            "code": "75702008",
            "display": "Brucellosis (disorder)"
          },
          {
            "code": "409498004",
            "display": "Anthrax (disorder)"
          },
          {
            "code": "39111003",
            "display": "Louse-borne typhus (disorder)"
          },
          {
            "code": "28944009",
            "display": "Cytomegalovirus infection (disorder)"
          },
          {
            "code": "55735004",
            "display": "Respiratory syncytial virus infection (disorder)"
          },
          {
            "code": "186431008",
            "display": "Clostridioides difficile infection (disorder)"
          },
          {
            "code": "307333004",
            "display": "Rhesus isoimmunization due to anti-D (disorder)"
          },
          {
            "code": "64572001",
            "display": "Disease (disorder)"
          },
          {
            "code": "40733004",
            "display": "Infectious disease (disorder)"
          }
        ]
      }
    ]
  }
}