{
  "resourceType": "ValueSet",
  "status": "active",
  "name": "YesNoUnknownOtherNa",
  "id": "yes-no-unknown-other-na",
  "title": "Yes-No-Unknown-Other-Na",
  "description": "Yes/No/Unknown/Other/Na response options",
  "version": "1.0.6",
  "url": "https://www.netzwerk-universitaetsmedizin.de/fhir/ValueSet/yes-no-unknown-other-na",
  "experimental": false,
  "publisher": "Berlin Institute of Health at Charité (BIH)",
  "contact": [
    {
      "telecom": [
        {
          "system": "url",
          "value": "https://www.bihealth.org/en/research/core-facilities/interoperability/"
        }
      ]
    }
  ],
  "meta": {
    "profile": [
      "http://hl7.org/fhir/StructureDefinition/shareablevalueset"
    ]
  },
  "extension": [
    {
      "url": "http://hl7.org/fhir/StructureDefinition/resource-effectivePeriod",
      "valuePeriod": {
        "start": "2020-05-13T09:51:16+02:00"
      }
    }
  ],
  "identifier": [
    {
      "use": "official",
      "system": "http://art-decor.org/ns/oids/vs",
      "value": "1.2.276.0.76.11.511"
    }
  ],
  "immutable": false,
  "copyright": "This artefact includes content from SNOMED Clinical Terms® (SNOMED CT®) which is copyright of the International Health Terminology Standards Development Organisation (IHTSDO). Implementers of these artefacts must have the appropriate SNOMED CT Affiliate license - for more information contact http://www.snomed.org/snomed-ct/getsnomed-ct or info@snomed.org.",
  "compose": {
    "include": [
      {
        "system": "http://snomed.info/sct",
        "concept": [
          {
            "code": "373066001",
            "display": "Yes (qualifier value)"
          },
          {
            "code": "373067005",
            "display": "No (qualifier value)"
          },
          {
            "code": "261665006",
            "display": "Unknown (qualifier value)"
          },
          {
            "code": "74964007",
            "display": "Other (qualifier value)"
          },
          {
            "code": "385432009",
            "display": "Not applicable (qualifier value)"
          }
        ]
      }
    ]
  }
}