<ValueSet xmlns="http://hl7.org/fhir">
  <id value="1.2.276.0.76.11.504--20200505121022" />
  <meta>
    <profile value="http://hl7.org/fhir/StructureDefinition/shareablevalueset" />
    <!--<profile value="http://hl7.org/fhir/4.0/StructureDefinition/ValueSet"/>-->
  </meta>
  <extension url="http://hl7.org/fhir/StructureDefinition/resource-effectivePeriod">
    <valuePeriod>
      <start value="2020-05-05T12:10:22+02:00" />
    </valuePeriod>
  </extension>
  <url value="https://www.netzwerk-universitaetsmedizin.de/fhir/ValueSet/gastrointestinal-ulcers-icd" />
  <identifier>
    <use value="official" />
    <system value="http://art-decor.org/ns/oids/vs" />
    <value value="1.2.276.0.76.11.504" />
  </identifier>
  <version value="1.0.5" />
  <name value="GastrointestinalUlcersICD" />
  <title value="Gastrointestinal Ulcers ICD-10-GM" />
  <status value="active" />
  <experimental value="false" />
  <publisher value="Charité" />
  <description value="Gastrointestinal ulcers in the context of Covid-19 from ICD-10-GM" />
  <immutable value="false" />
  <compose>
    <include>
      <system value="http://fhir.de/CodeSystem/bfarm/icd-10-gm" />
      <version value="2021" />
      <concept>
        <code value="K28.9" />
        <display value="Ulcus pepticum jejuni : Weder als akut noch als chronisch bezeichnet, ohne Blutung oder Perforation" />
      </concept>
    </include>
    <include>
      <system value="http://fhir.de/CodeSystem/bfarm/icd-10-gm" />
      <version value="2021" />
      <filter>
        <property value="concept" />
        <op value="is-a" />
        <value value="K25" />
      </filter>
      <filter>
        <property value="child" />
        <op value="exists" />
        <value value="false" />
      </filter>
    </include>
    <include>
      <system value="http://fhir.de/CodeSystem/bfarm/icd-10-gm" />
      <version value="2021" />
      <filter>
        <property value="concept" />
        <op value="is-a" />
        <value value="K26" />
      </filter>
      <filter>
        <property value="child" />
        <op value="exists" />
        <value value="false" />
      </filter>
    </include>
    <include>
      <system value="http://fhir.de/CodeSystem/bfarm/icd-10-gm" />
      <version value="2021" />
      <filter>
        <property value="concept" />
        <op value="is-a" />
        <value value="K27" />
      </filter>
      <filter>
        <property value="child" />
        <op value="exists" />
        <value value="false" />
      </filter>
    </include>
    <include>
      <system value="http://fhir.de/CodeSystem/bfarm/icd-10-gm" />
      <version value="2021" />
      <filter>
        <property value="concept" />
        <op value="is-a" />
        <value value="K28" />
      </filter>
      <filter>
        <property value="child" />
        <op value="exists" />
        <value value="false" />
      </filter>
    </include>
  </compose>
</ValueSet>