<ValueSet xmlns="http://hl7.org/fhir">
  <id value="1.2.276.0.76.11.520--20200608123231" />
  <meta>
    <profile value="http://hl7.org/fhir/StructureDefinition/shareablevalueset" />
    <!--<profile value="http://hl7.org/fhir/4.0/StructureDefinition/ValueSet"/>-->
  </meta>
  <extension url="http://hl7.org/fhir/StructureDefinition/resource-effectivePeriod">
    <valuePeriod>
      <start value="2020-06-08T12:32:31+02:00" />
    </valuePeriod>
  </extension>
  <url value="https://www.netzwerk-universitaetsmedizin.de/fhir/ValueSet/known-exposure" />
  <identifier>
    <use value="official" />
    <system value="http://art-decor.org/ns/oids/vs" />
    <value value="1.2.276.0.76.11.520" />
  </identifier>
  <version value="1.0" />
  <name value="KnownExposureSARSCoV2" />
  <title value="Known Exposure to SARS-CoV-2" />
  <status value="active" />
  <experimental value="false" />
  <publisher value="Charité" />
  <description value="A set of answers if the patient had contact with a person suffering from Covid-19." />
  <immutable value="false" />
  <copyright value="This artefact includes content from SNOMED Clinical Terms® (SNOMED CT®) which is copyright of the International Health Terminology Standards Development Organisation (IHTSDO). Implementers of these artefacts must have the appropriate SNOMED CT Affiliate license - for more information contact http://www.snomed.org/snomed-ct/getsnomed-ct or info@snomed.org." />
  <compose>
    <include>
      <system value="http://snomed.info/sct" />
      <concept>
        <code value="840546002" />
        <display value="Exposure to severe acute respiratory syndrome coronavirus 2 (event)" />
      </concept>
      <concept>
        <code value="373067005" />
        <display value="No (qualifier value)" />
      </concept>
    </include>
  </compose>
</ValueSet>