<ValueSet xmlns="http://hl7.org/fhir">
  <id value="1.2.276.0.76.11.473--20200425220002" />
  <meta>
    <profile value="http://hl7.org/fhir/StructureDefinition/shareablevalueset" />
    <!--<profile value="http://hl7.org/fhir/4.0/StructureDefinition/ValueSet"/>-->
  </meta>
  <extension url="http://hl7.org/fhir/StructureDefinition/resource-effectivePeriod">
    <valuePeriod>
      <start value="2020-04-25T22:00:02+02:00" />
    </valuePeriod>
  </extension>
  <extension url="http://hl7.org/fhir/StructureDefinition/valueset-supplement">
    <valueCanonical value="https://www.netzwerk-universitaetsmedizin.de/fhir/CodeSystem/snomed-pce-supplement|1.0.5" />
  </extension>
  <url value="https://www.netzwerk-universitaetsmedizin.de/fhir/ValueSet/chronic-neurological-mental-diseases" />
  <identifier>
    <use value="official" />
    <system value="http://art-decor.org/ns/oids/vs" />
    <value value="1.2.276.0.76.11.473" />
  </identifier>
  <version value="1.0" />
  <name value="ChronicNeurologicalMentalDiseases" />
  <title value="Chronic Neurological Mental Diseases" />
  <status value="active" />
  <experimental value="false" />
  <publisher value="Charité" />
  <description value="Chronic neurological or mental diseases in the context of Covid-19" />
  <immutable value="false" />
  <copyright value="This artefact includes content from SNOMED Clinical Terms® (SNOMED CT®) which is copyright of the International Health Terminology Standards Development Organisation (IHTSDO). Implementers of these artefacts must have the appropriate SNOMED CT Affiliate license - for more information contact http://www.snomed.org/snomed-ct/getsnomed-ct or info@snomed.org." />
  <compose>
    <include>
      <system value="http://snomed.info/sct" />
      <concept>
        <code value="128283000" />
        <display value="Chronic nervous system disorder (disorder)" />
        <designation>
          <language value="de-DE" />
          <use>
            <system value="http://snomed.info/sct" />
            <code value="900000000000013009" />
            <display value="Synonym" />
          </use>
          <value value="Chronische neurologische Erkrankung" />
        </designation>
      </concept>
      <concept>
        <code value="74732009" />
        <display value="Mental disorder (disorder)" />
        <designation>
          <language value="de-DE" />
          <use>
            <system value="http://snomed.info/sct" />
            <code value="900000000000013009" />
            <display value="Synonym" />
          </use>
          <value value="Psychiatrische Erkrankung" />
        </designation>
      </concept>
      <concept>
        <code value="197480006" />
        <display value="Anxiety disorder (disorder)" />
        <designation>
          <language value="de-DE" />
          <use>
            <system value="http://snomed.info/sct" />
            <code value="900000000000013009" />
            <display value="Synonym" />
          </use>
          <value value="Angsterkrankung" />
        </designation>
      </concept>
      <concept>
        <code value="35489007" />
        <display value="Depressive disorder (disorder)" />
        <designation>
          <language value="de-DE" />
          <use>
            <system value="http://snomed.info/sct" />
            <code value="900000000000013009" />
            <display value="Synonym" />
          </use>
          <value value="Depression" />
        </designation>
      </concept>
      <concept>
        <code value="69322001" />
        <display value="Psychotic disorder (disorder)" />
        <designation>
          <language value="de-DE" />
          <use>
            <system value="http://snomed.info/sct" />
            <code value="900000000000013009" />
            <display value="Synonym" />
          </use>
          <value value="Psychose" />
        </designation>
      </concept>
      <concept>
        <code value="49049000" />
        <display value="Parkinson's disease (disorder)" />
        <designation>
          <language value="de-DE" />
          <use>
            <system value="http://snomed.info/sct" />
            <code value="900000000000013009" />
            <display value="Synonym" />
          </use>
          <value value="M. Parkinson" />
        </designation>
      </concept>
      <concept>
        <code value="52448006" />
        <display value="Dementia (disorder)" />
        <designation>
          <language value="de-DE" />
          <use>
            <system value="http://snomed.info/sct" />
            <code value="900000000000013009" />
            <display value="Synonym" />
          </use>
          <value value="Demenz" />
        </designation>
      </concept>
      <concept>
        <code value="24700007" />
        <display value="Multiple sclerosis (disorder)" />
        <designation>
          <language value="de-DE" />
          <use>
            <system value="http://snomed.info/sct" />
            <code value="900000000000013009" />
            <display value="Synonym" />
          </use>
          <value value="Multiple Sklerose" />
        </designation>
      </concept>
      <concept>
        <code value="257277002" />
        <display value="Combined disorder of muscle AND peripheral nerve (disorder)" />
        <designation>
          <language value="de-DE" />
          <use>
            <system value="http://snomed.info/sct" />
            <code value="900000000000013009" />
            <display value="Synonym" />
          </use>
          <value value="Neuromuskuläre Erkrankungen" />
        </designation>
      </concept>
      <concept>
        <code value="84757009" />
        <display value="Epilepsy (disorder)" />
        <designation>
          <language value="de-DE" />
          <use>
            <system value="http://snomed.info/sct" />
            <code value="900000000000013009" />
            <display value="Synonym" />
          </use>
          <value value="Epilepsie" />
        </designation>
      </concept>
      <concept>
        <code value="37796009" />
        <display value="Migraine (disorder)" />
        <designation>
          <language value="de-DE" />
          <use>
            <system value="http://snomed.info/sct" />
            <code value="900000000000013009" />
            <display value="Synonym" />
          </use>
          <value value="Migräne" />
        </designation>
      </concept>
      <concept>
        <code value="440140008" />
        <display value="History of cerebrovascular accident with residual deficit (situation)" />
        <designation>
          <language value="de-DE" />
          <use>
            <system value="http://snomed.info/sct" />
            <code value="900000000000013009" />
            <display value="Synonym" />
          </use>
          <value value="Z.n. Apoplex mit Residuen" />
        </designation>
      </concept>
      <concept>
        <code value="429993008" />
        <display value="History of cerebrovascular accident without residual deficits (situation)" />
        <designation>
          <language value="de-DE" />
          <use>
            <system value="http://snomed.info/sct" />
            <code value="900000000000013009" />
            <display value="Synonym" />
          </use>
          <value value="Z.n. Apoplex ohne Residuen" />
        </designation>
      </concept>
    </include>
    <include>
      <system value="http://snomed.info/sct" />
      <filter>
        <property value="concept" />
        <op value="is-a" />
        <value value="128283000" />
      </filter>
    </include>
    <include>
      <system value="http://snomed.info/sct" />
      <filter>
        <property value="concept" />
        <op value="is-a" />
        <value value="74732009" />
      </filter>
    </include>
    <include>
      <system value="http://snomed.info/sct" />
      <filter>
        <property value="concept" />
        <op value="is-a" />
        <value value="49049000" />
      </filter>
    </include>
    <include>
      <system value="http://snomed.info/sct" />
      <filter>
        <property value="concept" />
        <op value="is-a" />
        <value value="24700007" />
      </filter>
    </include>
    <include>
      <system value="http://snomed.info/sct" />
      <filter>
        <property value="concept" />
        <op value="is-a" />
        <value value="257277002" />
      </filter>
    </include>
    <include>
      <system value="http://snomed.info/sct" />
      <filter>
        <property value="concept" />
        <op value="is-a" />
        <value value="84757009" />
      </filter>
    </include>
    <include>
      <system value="http://snomed.info/sct" />
      <filter>
        <property value="concept" />
        <op value="is-a" />
        <value value="37796009" />
      </filter>
    </include>
    <include>
      <system value="http://snomed.info/sct" />
      <filter>
        <property value="concept" />
        <op value="is-a" />
        <value value="440140008" />
      </filter>
    </include>
    <include>
      <system value="http://snomed.info/sct" />
      <filter>
        <property value="concept" />
        <op value="is-a" />
        <value value="429993008" />
      </filter>
    </include>
  </compose>
</ValueSet>