<ValueSet xmlns="http://hl7.org/fhir">
  <id value="1.2.276.0.76.11.480--20200501132110" />
  <meta>
    <profile value="http://hl7.org/fhir/StructureDefinition/shareablevalueset" />
    <!--<profile value="http://hl7.org/fhir/4.0/StructureDefinition/ValueSet"/>-->
  </meta>
  <extension url="http://hl7.org/fhir/StructureDefinition/resource-effectivePeriod">
    <valuePeriod>
      <start value="2020-05-01T13:21:10+02:00" />
    </valuePeriod>
  </extension>
  <url value="https://www.netzwerk-universitaetsmedizin.de/fhir/ValueSet/diabetes-mellitus-diseases" />
  <identifier>
    <use value="official" />
    <system value="http://art-decor.org/ns/oids/vs" />
    <value value="1.2.276.0.76.11.480" />
  </identifier>
  <version value="1.0" />
  <name value="DiabetesMellitusDiseases" />
  <title value="Diabetes Mellitus Diseases" />
  <status value="active" />
  <experimental value="false" />
  <publisher value="Charité" />
  <description value="Diabetes mellitus in the context of Covid-19" />
  <immutable value="false" />
  <copyright value="This artefact includes content from SNOMED Clinical Terms® (SNOMED CT®) which is copyright of the International Health Terminology Standards Development Organisation (IHTSDO). Implementers of these artefacts must have the appropriate SNOMED CT Affiliate license - for more information contact http://www.snomed.org/snomed-ct/getsnomed-ct or info@snomed.org." />
  <compose>
    <include>
      <system value="http://snomed.info/sct" />
      <concept>
        <code value="46635009" />
        <display value="Diabetes mellitus type 1 (disorder)" />
        <designation>
          <language value="de-DE" />
          <use>
            <system value="http://snomed.info/sct" />
            <code value="900000000000013009" />
            <display value="Synonym" />
          </use>
          <value value="Diabetes Typ 1" />
        </designation>
      </concept>
      <concept>
        <code value="44054006" />
        <display value="Diabetes mellitus type 2 (disorder)" />
        <designation>
          <language value="de-DE" />
          <use>
            <system value="http://snomed.info/sct" />
            <code value="900000000000013009" />
            <display value="Synonym" />
          </use>
          <value value="Diabetes Typ 2" />
        </designation>
      </concept>
      <concept>
        <code value="237599002" />
        <display value="Insulin treated type 2 diabetes mellitus (disorder)" />
        <designation>
          <language value="de-DE" />
          <use>
            <system value="http://snomed.info/sct" />
            <code value="900000000000013009" />
            <display value="Synonym" />
          </use>
          <value value="Diabetes Typ 2 insulinpflichtig" />
        </designation>
      </concept>
      <concept>
        <code value="8801005" />
        <display value="Secondary diabetes mellitus (disorder)" />
        <designation>
          <language value="de-DE" />
          <use>
            <system value="http://snomed.info/sct" />
            <code value="900000000000013009" />
            <display value="Synonym" />
          </use>
          <value value="Diabetes Typ 3" />
        </designation>
      </concept>
    </include>
    <include>
      <system value="http://snomed.info/sct" />
      <filter>
        <property value="concept" />
        <op value="is-a" />
        <value value="73211009" />
      </filter>
    </include>
  </compose>
</ValueSet>