<ValueSet xmlns="http://hl7.org/fhir">
  <id value="1.2.276.0.76.11.479--20200430213808" />
  <meta>
    <profile value="http://hl7.org/fhir/StructureDefinition/shareablevalueset" />
    <!--<profile value="http://hl7.org/fhir/4.0/StructureDefinition/ValueSet"/>-->
  </meta>
  <extension url="http://hl7.org/fhir/StructureDefinition/resource-effectivePeriod">
    <valuePeriod>
      <start value="2020-04-30T21:38:08+02:00" />
    </valuePeriod>
  </extension>
  <url value="https://www.netzwerk-universitaetsmedizin.de/fhir/ValueSet/organs-for-transplant" />
  <identifier>
    <use value="official" />
    <system value="http://art-decor.org/ns/oids/vs" />
    <value value="1.2.276.0.76.11.479" />
  </identifier>
  <version value="1.0" />
  <name value="OrgansForTransplant" />
  <title value="Organs for Transplantation" />
  <status value="active" />
  <experimental value="false" />
  <publisher value="Charité" />
  <description value="Organs in the context of transplantation" />
  <immutable value="false" />
  <copyright value="This artefact includes content from SNOMED Clinical Terms® (SNOMED CT®) which is copyright of the International Health Terminology Standards Development Organisation (IHTSDO). Implementers of these artefacts must have the appropriate SNOMED CT Affiliate license - for more information contact http://www.snomed.org/snomed-ct/getsnomed-ct or info@snomed.org." />
  <compose>
    <include>
      <system value="http://snomed.info/sct" />
      <concept>
        <code value="302509004" />
        <display value="Entire heart (body structure)" />
        <designation>
          <language value="de-DE" />
          <use>
            <system value="http://snomed.info/sct" />
            <code value="900000000000013009" />
            <display value="Synonym" />
          </use>
          <value value="Herz" />
        </designation>
      </concept>
      <concept>
        <code value="181216001" />
        <display value="Entire lung (body structure)" />
        <designation>
          <language value="de-DE" />
          <use>
            <system value="http://snomed.info/sct" />
            <code value="900000000000013009" />
            <display value="Synonym" />
          </use>
          <value value="Lunge" />
        </designation>
      </concept>
      <concept>
        <code value="181268008" />
        <display value="Entire liver (body structure)" />
        <designation>
          <language value="de-DE" />
          <use>
            <system value="http://snomed.info/sct" />
            <code value="900000000000013009" />
            <display value="Synonym" />
          </use>
          <value value="Leber" />
        </designation>
      </concept>
      <concept>
        <code value="181414000" />
        <display value="Entire kidney (body structure)" />
        <designation>
          <language value="de-DE" />
          <use>
            <system value="http://snomed.info/sct" />
            <code value="900000000000013009" />
            <display value="Synonym" />
          </use>
          <value value="Nieren" />
        </designation>
      </concept>
      <concept>
        <code value="181277001" />
        <display value="Entire pancreas (body structure)" />
        <designation>
          <language value="de-DE" />
          <use>
            <system value="http://snomed.info/sct" />
            <code value="900000000000013009" />
            <display value="Synonym" />
          </use>
          <value value="Bauchspeicheldrüse" />
        </designation>
      </concept>
      <concept>
        <code value="113276009" />
        <display value="Intestinal structure (body structure)" />
        <designation>
          <language value="de-DE" />
          <use>
            <system value="http://snomed.info/sct" />
            <code value="900000000000013009" />
            <display value="Synonym" />
          </use>
          <value value="Darm" />
        </designation>
      </concept>
      <concept>
        <code value="181250005" />
        <display value="Entire small intestine (body structure)" />
        <designation>
          <language value="de-DE" />
          <use>
            <system value="http://snomed.info/sct" />
            <code value="900000000000013009" />
            <display value="Synonym" />
          </use>
          <value value="Dünndarm" />
        </designation>
      </concept>
      <concept>
        <code value="181254001" />
        <display value="Entire large intestine (body structure)" />
        <designation>
          <language value="de-DE" />
          <use>
            <system value="http://snomed.info/sct" />
            <code value="900000000000013009" />
            <display value="Synonym" />
          </use>
          <value value="Dickdarm" />
        </designation>
      </concept>
      <concept>
        <code value="119181002" />
        <display value="Skin part (body structure)" />
        <designation>
          <language value="de-DE" />
          <use>
            <system value="http://snomed.info/sct" />
            <code value="900000000000013009" />
            <display value="Synonym" />
          </use>
          <value value="Teile der Haut" />
        </designation>
      </concept>
      <concept>
        <code value="181162001" />
        <display value="Entire cornea (body structure)" />
        <designation>
          <language value="de-DE" />
          <use>
            <system value="http://snomed.info/sct" />
            <code value="900000000000013009" />
            <display value="Synonym" />
          </use>
          <value value="Hornhaut der Augen" />
        </designation>
      </concept>
      <concept>
        <code value="41845008" />
        <display value="Ear ossicle structure (body structure)" />
        <designation>
          <language value="de-DE" />
          <use>
            <system value="http://snomed.info/sct" />
            <code value="900000000000013009" />
            <display value="Synonym" />
          </use>
          <value value="Gehörknöchelchen" />
        </designation>
      </concept>
      <concept>
        <code value="181285005" />
        <display value="Entire heart valve (body structure)" />
        <designation>
          <language value="de-DE" />
          <use>
            <system value="http://snomed.info/sct" />
            <code value="900000000000013009" />
            <display value="Synonym" />
          </use>
          <value value="Herzklappen" />
        </designation>
      </concept>
      <concept>
        <code value="119206002" />
        <display value="Blood vessel part (body structure)" />
        <designation>
          <language value="de-DE" />
          <use>
            <system value="http://snomed.info/sct" />
            <code value="900000000000013009" />
            <display value="Synonym" />
          </use>
          <value value="Teile der Blutgefäße" />
        </designation>
      </concept>
      <concept>
        <code value="8935007" />
        <display value="Cerebral meninges structure (body structure)" />
        <designation>
          <language value="de-DE" />
          <use>
            <system value="http://snomed.info/sct" />
            <code value="900000000000013009" />
            <display value="Synonym" />
          </use>
          <value value="Teile der Hirnhaut" />
        </designation>
      </concept>
      <concept>
        <code value="3138006" />
        <display value="Bone (tissue) structure (body structure)" />
        <designation>
          <language value="de-DE" />
          <use>
            <system value="http://snomed.info/sct" />
            <code value="900000000000013009" />
            <display value="Synonym" />
          </use>
          <value value="Teile des Knochengewebes" />
        </designation>
      </concept>
      <concept>
        <code value="309312004" />
        <display value="Cartilage tissue (body structure)" />
        <designation>
          <language value="de-DE" />
          <use>
            <system value="http://snomed.info/sct" />
            <code value="900000000000013009" />
            <display value="Synonym" />
          </use>
          <value value="Knorpelgewebe" />
        </designation>
      </concept>
      <concept>
        <code value="13024002" />
        <display value="Tendon structure (body structure)" />
        <designation>
          <language value="de-DE" />
          <use>
            <system value="http://snomed.info/sct" />
            <code value="900000000000013009" />
            <display value="Synonym" />
          </use>
          <value value="Teile der Sehnen" />
        </designation>
      </concept>
    </include>
  </compose>
</ValueSet>