<ValueSet xmlns="http://hl7.org/fhir">
  <id value="2.16.840.1.113883.3.1937.99.61.65.11.4--20200709152345" />
  <meta>
    <profile value="http://hl7.org/fhir/StructureDefinition/shareablevalueset" />
    <!--<profile value="http://hl7.org/fhir/4.0/StructureDefinition/ValueSet"/>-->
  </meta>
  <extension url="http://hl7.org/fhir/StructureDefinition/resource-effectivePeriod">
    <valuePeriod>
      <start value="2020-07-09T15:23:45+02:00" />
    </valuePeriod>
  </extension>
  <url value="https://www.netzwerk-universitaetsmedizin.de/fhir/ValueSet/human-immunodeficiency-virus-infections-icd" />
  <identifier>
    <use value="official" />
    <system value="http://art-decor.org/ns/oids/vs" />
    <value value="1.2.276.0.76.11.532" />
  </identifier>
  <version value="1.0.5" />
  <name value="HumanImmunodeficiencyVirusInfectionsICD" />
  <title value="Human Immunodeficiency Virus Infections ICD-10-GM" />
  <status value="active" />
  <experimental value="false" />
  <publisher value="Charité" />
  <description value="HIV infections in the context of Covid-19 from ICD-10-GM" />
  <immutable value="false" />
  <compose>
    <include>
      <system value="http://fhir.de/CodeSystem/bfarm/icd-10-gm" />
      <version value="2021" />
      <concept>
        <code value="B20" />
        <display value="Infektiöse und parasitäre Krankheiten infolge HIV-Krankheit [Humane Immundefizienz-Viruskrankheit]" />
      </concept>
      <concept>
        <code value="B21" />
        <display value="Bösartige Neubildungen infolge HIV-Krankheit [Humane Immundefizienz-Viruskrankheit]" />
      </concept>
      <concept>
        <code value="B22" />
        <display value="Sonstige näher bezeichnete Krankheiten infolge HIV-Krankheit [Humane Immundefizienz-Viruskrankheit]" />
      </concept>
      <concept>
        <code value="B24" />
        <display value="Nicht näher bezeichnete HIV-Krankheit [Humane Immundefizienz-Viruskrankheit]" />
      </concept>
    </include>
    <include>
      <system value="http://fhir.de/CodeSystem/bfarm/icd-10-gm" />
      <version value="2021" />
      <filter>
        <property value="concept" />
        <op value="is-a" />
        <value value="B23" />
      </filter>
    </include>
  </compose>
</ValueSet>