<ValueSet xmlns="http://hl7.org/fhir">
  <id value="1.2.276.0.76.11.539--20200722173536" />
  <meta>
    <profile value="http://hl7.org/fhir/StructureDefinition/shareablevalueset" />
    <!--<profile value="http://hl7.org/fhir/4.0/StructureDefinition/ValueSet"/>-->
  </meta>
  <extension url="http://hl7.org/fhir/StructureDefinition/resource-effectivePeriod">
    <valuePeriod>
      <start value="2020-07-22T17:35:36+02:00" />
    </valuePeriod>
  </extension>
  <url value="https://www.netzwerk-universitaetsmedizin.de/fhir/ValueSet/pharmacological-therapy-snomed" />
  <identifier>
    <use value="official" />
    <system value="http://art-decor.org/ns/oids/vs" />
    <value value="1.2.276.0.76.11.539" />
  </identifier>
  <version value="1.0.4" />
  <name value="DrugTherapySnomed" />
  <title value="Drug Therapy SNOMED" />
  <status value="active" />
  <experimental value="false" />
  <publisher value="Charité" />
  <description value="Pharmacological therapy in the context of Covid-19, relevant SNOMED-Codes" />
  <immutable value="false" />
  <copyright value="This artefact includes content from SNOMED Clinical Terms® (SNOMED CT®) which is copyright of the International Health Terminology Standards Development Organisation (IHTSDO). Implementers of these artefacts must have the appropriate SNOMED CT Affiliate license - for more information contact http://www.snomed.org/snomed-ct/getsnomed-ct or info@snomed.org." />
  <compose>
    <include>
      <system value="http://snomed.info/sct" />
      <concept>
        <code value="768759001" />
        <display value="Product containing steroid (product)" />
      </concept>
      <concept>
        <code value="413591007" />
        <display value="Product containing atazanavir (medicinal product)" />
      </concept>
      <concept>
        <code value="424096001" />
        <display value="Product containing darunavir (medicinal product)" />
      </concept>
      <concept>
        <code value="14728000" />
        <display value="Product containing chloroquine (medicinal product)" />
      </concept>
      <concept>
        <code value="83490000" />
        <display value="Product containing hydroxychloroquine (medicinal product)" />
      </concept>
      <concept>
        <code value="96138006" />
        <display value="Product containing ivermectin (medicinal product)" />
      </concept>
      <concept>
        <code value="134573001" />
        <display value="Product containing lopinavir and ritonavir (medicinal product)" />
      </concept>
      <concept>
        <code value="78025001" />
        <display value="Product containing ganciclovir (medicinal product)" />
      </concept>
      <concept>
        <code value="386142008" />
        <display value="Product containing oseltamivir (medicinal product)" />
      </concept>
      <concept>
        <code value="870518005" />
        <display value="Product containing remdesivir (medicinal product)" />
      </concept>
      <concept>
        <code value="35063004" />
        <display value="Product containing ribavirin (medicinal product)" />
      </concept>
      <concept>
        <code value="444649004" />
        <display value="Product containing tocilizumab (medicinal product)" />
      </concept>
      <concept>
        <code value="763522001" />
        <display value="Product containing sarilumab (medicinal product)" />
      </concept>
      <concept>
        <code value="416587008" />
        <display value="Product containing calcineurin inhibitor (product)" />
      </concept>
      <concept>
        <code value="416897008" />
        <display value="Product containing tumor necrosis factor alpha inhibitor (product)" />
      </concept>
      <concept>
        <code value="430817009" />
        <display value="Product containing interleukin 1 receptor antagonist (product)" />
      </concept>
      <concept>
        <code value="703779004" />
        <display value="Product containing ruxolitinib (medicinal product)" />
      </concept>
      <concept>
        <code value="73133000" />
        <display value="Product containing colchicine (medicinal product)" />
      </concept>
      <concept>
        <code value="768865007" />
        <display value="Product containing interferon (product)" />
      </concept>
      <concept>
        <code value="88519001" />
        <display value="Product containing calcifediol (medicinal product)" />
      </concept>
      <concept>
        <code value="764877006" />
        <display value="Product containing zinc (medicinal product)" />
      </concept>
    </include>
    <include>
      <system value="https://www.netzwerk-universitaetsmedizin.de/fhir/CodeSystem/ecrf-parameter-codes" />
      <concept>
        <code value="antipyretic" />
        <display value="Product containing antipyretic" />
      </concept>
      <concept>
        <code value="camostat" />
        <display value="Product containing camostat" />
      </concept>
      <concept>
        <code value="favipiravir" />
        <display value="Product containing favipiravir" />
      </concept>
      <concept>
        <code value="convalescent-plasma" />
        <display value="Convalescent plasma" />
      </concept>
      <concept>
        <code value="steroids-gt" />
        <display value="Steroids (&gt; 0.5 mg/kg prednisone equivalents)" />
      </concept>
      <concept>
        <code value="steroids-lt" />
        <display value="Steroids (&lt;= 0.5 mg/kg prednisone equivalents)" />
      </concept>
    </include>
  </compose>
</ValueSet>