<ValueSet xmlns="http://hl7.org/fhir">
  <id value="gecco-valueset-imaging-procedures-dicom" />
  <meta>
    <profile value="http://hl7.org/fhir/StructureDefinition/shareablevalueset" />
    <!--<profile value="http://hl7.org/fhir/4.0/StructureDefinition/ValueSet"/>-->
  </meta>
  <extension url="http://hl7.org/fhir/StructureDefinition/resource-effectivePeriod">
    <valuePeriod>
      <start value="2020-05-03T15:28:27+02:00" />
    </valuePeriod>
  </extension>
  <url value="https://www.netzwerk-universitaetsmedizin.de/fhir/ValueSet/radiology-procedures-dicom" />
  <version value="1.0.4" />
  <name value="ImagingProceduresDICOM" />
  <title value="Radiology Procedures DICOM" />
  <status value="active" />
  <experimental value="false" />
  <publisher value="Charité" />
  <description value="Radiology procedures in the context of Covid-19 - DICOM" />
  <immutable value="false" />
  <compose>
    <include>
      <system value="http://dicom.nema.org/resources/ontology/DCM" />
      <concept>
        <code value="CT" />
        <display value="Computed Tomography" />
      </concept>
      <concept>
        <code value="RG" />
        <display value="Radiographic imaging" />
      </concept>
      <concept>
        <code value="US" />
        <display value="Ultrasound" />
      </concept>
    </include>
  </compose>
</ValueSet>