<ValueSet xmlns="http://hl7.org/fhir">
  <id value="1.2.276.0.76.11.512--20200504223024" />
  <meta>
    <profile value="http://hl7.org/fhir/StructureDefinition/shareablevalueset" />
    <!--<profile value="http://hl7.org/fhir/4.0/StructureDefinition/ValueSet"/>-->
  </meta>
  <extension url="http://hl7.org/fhir/StructureDefinition/resource-effectivePeriod">
    <valuePeriod>
      <start value="2020-05-04T22:30:24+02:00" />
    </valuePeriod>
  </extension>
  <url value="https://www.netzwerk-universitaetsmedizin.de/fhir/ValueSet/rheumatological-immunological-diseases-icd" />
  <identifier>
    <use value="official" />
    <system value="http://art-decor.org/ns/oids/vs" />
    <value value="1.2.276.0.76.11.512" />
  </identifier>
  <version value="1.0.5" />
  <name value="RheumatologicalImmunologicalDiseasesICD" />
  <title value="Rheumatological Immunological Diseases ICD-10-GM" />
  <status value="active" />
  <experimental value="false" />
  <publisher value="Charité" />
  <description value="Rheumatological or immunological diseases in the context of Covid-19 - ICD-10-GM" />
  <immutable value="false" />
  <compose>
    <include>
      <system value="http://fhir.de/CodeSystem/bfarm/icd-10-gm" />
      <version value="2021" />
      <concept>
        <code value="K52.9" />
        <display value="Nichtinfektiöse Gastroenteritis und Kolitis, nicht näher bezeichnet" />
      </concept>
      <concept>
        <code value="M06.99" />
        <display value="Chronische Polyarthritis, nicht näher bezeichnet : Nicht näher bezeichnete Lokalisation" />
      </concept>
      <concept>
        <code value="M35.9" />
        <display value="Krankheit mit Systembeteiligung des Bindegewebes, nicht näher bezeichnet" />
      </concept>
      <concept>
        <code value="I77.6" />
        <display value="Arteriitis, nicht näher bezeichnet" />
      </concept>
      <concept>
        <code value="D84.8" />
        <display value="Sonstige näher bezeichnete Immundefekte" />
      </concept>
    </include>
    <include>
      <system value="http://fhir.de/CodeSystem/bfarm/icd-10-gm" />
      <version value="2021" />
      <filter>
        <property value="concept" />
        <op value="is-a" />
        <value value="K50" />
      </filter>
      <filter>
        <property value="child" />
        <op value="exists" />
        <value value="false" />
      </filter>
    </include>
    <include>
      <system value="http://fhir.de/CodeSystem/bfarm/icd-10-gm" />
      <version value="2021" />
      <filter>
        <property value="concept" />
        <op value="is-a" />
        <value value="K51" />
      </filter>
      <filter>
        <property value="child" />
        <op value="exists" />
        <value value="false" />
      </filter>
    </include>
    <include>
      <system value="http://fhir.de/CodeSystem/bfarm/icd-10-gm" />
      <version value="2021" />
      <filter>
        <property value="concept" />
        <op value="is-a" />
        <value value="K52" />
      </filter>
      <filter>
        <property value="child" />
        <op value="exists" />
        <value value="false" />
      </filter>
    </include>
    <include>
      <system value="http://fhir.de/CodeSystem/bfarm/icd-10-gm" />
      <version value="2021" />
      <filter>
        <property value="concept" />
        <op value="is-a" />
        <value value="M30" />
      </filter>
      <filter>
        <property value="child" />
        <op value="exists" />
        <value value="false" />
      </filter>
    </include>
    <include>
      <system value="http://fhir.de/CodeSystem/bfarm/icd-10-gm" />
      <version value="2021" />
      <filter>
        <property value="concept" />
        <op value="is-a" />
        <value value="M31" />
      </filter>
      <filter>
        <property value="child" />
        <op value="exists" />
        <value value="false" />
      </filter>
    </include>
    <include>
      <system value="http://fhir.de/CodeSystem/bfarm/icd-10-gm" />
      <version value="2021" />
      <filter>
        <property value="concept" />
        <op value="is-a" />
        <value value="M32" />
      </filter>
      <filter>
        <property value="child" />
        <op value="exists" />
        <value value="false" />
      </filter>
    </include>
    <include>
      <system value="http://fhir.de/CodeSystem/bfarm/icd-10-gm" />
      <version value="2021" />
      <filter>
        <property value="concept" />
        <op value="is-a" />
        <value value="M33" />
      </filter>
      <filter>
        <property value="child" />
        <op value="exists" />
        <value value="false" />
      </filter>
    </include>
    <include>
      <system value="http://fhir.de/CodeSystem/bfarm/icd-10-gm" />
      <version value="2021" />
      <filter>
        <property value="concept" />
        <op value="is-a" />
        <value value="M34" />
      </filter>
      <filter>
        <property value="child" />
        <op value="exists" />
        <value value="false" />
      </filter>
    </include>
    <include>
      <system value="http://fhir.de/CodeSystem/bfarm/icd-10-gm" />
      <version value="2021" />
      <filter>
        <property value="concept" />
        <op value="is-a" />
        <value value="M35" />
      </filter>
      <filter>
        <property value="child" />
        <op value="exists" />
        <value value="false" />
      </filter>
    </include>
    <include>
      <system value="http://fhir.de/CodeSystem/bfarm/icd-10-gm" />
      <version value="2021" />
      <filter>
        <property value="concept" />
        <op value="is-a" />
        <value value="M36" />
      </filter>
      <filter>
        <property value="child" />
        <op value="exists" />
        <value value="false" />
      </filter>
    </include>
    <include>
      <system value="http://fhir.de/CodeSystem/bfarm/icd-10-gm" />
      <version value="2021" />
      <filter>
        <property value="concept" />
        <op value="is-a" />
        <value value="D80" />
      </filter>
      <filter>
        <property value="child" />
        <op value="exists" />
        <value value="false" />
      </filter>
    </include>
    <include>
      <system value="http://fhir.de/CodeSystem/bfarm/icd-10-gm" />
      <version value="2021" />
      <filter>
        <property value="concept" />
        <op value="is-a" />
        <value value="D81" />
      </filter>
      <filter>
        <property value="child" />
        <op value="exists" />
        <value value="false" />
      </filter>
    </include>
    <include>
      <system value="http://fhir.de/CodeSystem/bfarm/icd-10-gm" />
      <version value="2021" />
      <filter>
        <property value="concept" />
        <op value="is-a" />
        <value value="D82" />
      </filter>
      <filter>
        <property value="child" />
        <op value="exists" />
        <value value="false" />
      </filter>
    </include>
    <include>
      <system value="http://fhir.de/CodeSystem/bfarm/icd-10-gm" />
      <version value="2021" />
      <filter>
        <property value="concept" />
        <op value="is-a" />
        <value value="D83" />
      </filter>
      <filter>
        <property value="child" />
        <op value="exists" />
        <value value="false" />
      </filter>
    </include>
    <include>
      <system value="http://fhir.de/CodeSystem/bfarm/icd-10-gm" />
      <version value="2021" />
      <filter>
        <property value="concept" />
        <op value="is-a" />
        <value value="D84" />
      </filter>
      <filter>
        <property value="child" />
        <op value="exists" />
        <value value="false" />
      </filter>
    </include>
    <include>
      <system value="http://fhir.de/CodeSystem/bfarm/icd-10-gm" />
      <version value="2021" />
      <filter>
        <property value="concept" />
        <op value="is-a" />
        <value value="D86" />
      </filter>
      <filter>
        <property value="child" />
        <op value="exists" />
        <value value="false" />
      </filter>
    </include>
    <include>
      <system value="http://fhir.de/CodeSystem/bfarm/icd-10-gm" />
      <version value="2021" />
      <filter>
        <property value="concept" />
        <op value="is-a" />
        <value value="D89" />
      </filter>
      <filter>
        <property value="child" />
        <op value="exists" />
        <value value="false" />
      </filter>
    </include>
    <include>
      <system value="http://fhir.de/CodeSystem/bfarm/icd-10-gm" />
      <version value="2021" />
      <filter>
        <property value="concept" />
        <op value="is-a" />
        <value value="D90" />
      </filter>
      <filter>
        <property value="child" />
        <op value="exists" />
        <value value="false" />
      </filter>
    </include>
  </compose>
</ValueSet>