{
  "resourceType": "ValueSet",
  "id": "gecco-valueset-procedures-combined-v105",
  "meta": {
    "profile": [
      "http://hl7.org/fhir/StructureDefinition/shareablevalueset"
    ]
  },
  "text": {
    "status": "generated",
    "div": "<div xmlns=\"http://www.w3.org/1999/xhtml\"><h2>Procedures Combined</h2><tt>https://www.netzwerk-universitaetsmedizin.de/fhir/ValueSet/procedures-combined</tt><p>Procedures in the context of Covid-19 combined from mulitple ValueSets and terminologies.</p></div>"
  },
  "url": "https://www.netzwerk-universitaetsmedizin.de/fhir/ValueSet/procedures-combined",
  "name": "ProceduresCombined",
  "title": "Procedures Combined",
  "status": "draft",
  "compose": {
    "include": [
      {
        "valueSet": [
          "https://www.netzwerk-universitaetsmedizin.de/fhir/ValueSet/respiratory-therapies"
        ]
      },
      {
        "valueSet": [
          "http://fhir.de/ValueSet/bfarm/ops"
        ]
      },
      {
        "valueSet": [
          "https://www.netzwerk-universitaetsmedizin.de/fhir/ValueSet/dialysis-procedures"
        ]
      },
      {
        "valueSet": [
          "https://www.netzwerk-universitaetsmedizin.de/fhir/ValueSet/dialysis-procedures-ops"
        ]
      },
      {
        "valueSet": [
          "https://www.netzwerk-universitaetsmedizin.de/fhir/ValueSet/apheresis-procedures"
        ]
      },
      {
        "valueSet": [
          "https://www.netzwerk-universitaetsmedizin.de/fhir/ValueSet/apheresis-procedures-ops"
        ]
      },
      {
        "concept": [
          {
            "code": "431182000",
            "display": "Placing subject in prone position"
          }
        ],
        "system": "http://snomed.info/sct"
      },
      {
        "valueSet": [
          "https://www.netzwerk-universitaetsmedizin.de/fhir/ValueSet/extracorporeal-membrane-oxygenation"
        ]
      },
      {
        "valueSet": [
          "https://www.medizininformatik-initiative.de/fhir/core/modul-prozedur/ValueSet/procedures-sct"
        ]
      },
      {
        "valueSet": [
          "https://www.netzwerk-universitaetsmedizin.de/fhir/ValueSet/respiratory-therapies"
        ]
      }
    ]
  },
  "version": "1.0.5",
  "description": "Procedures in the context of Covid-19 combined from mulitple ValueSets and terminologies.",
  "date": "2021-10-01T00:00:00.000Z",
  "experimental": false,
  "publisher": "UKSH Lübeck",
  "copyright": "This artefact includes content from SNOMED Clinical Terms® (SNOMED CT®) which is copyright of the International Health Terminology Standards Development Organisation (IHTSDO). Implementers of these artefacts must have the appropriate SNOMED CT Affiliate license - for more information contact http://www.snomed.org/snomed-ct/getsnomed-ct or info@snomed.org."
}