<ValueSet xmlns="http://hl7.org/fhir">
  <id value="1.2.276.0.76.11.496--20200504212558" />
  <meta>
    <profile value="http://hl7.org/fhir/StructureDefinition/shareablevalueset" />
    <!--<profile value="http://hl7.org/fhir/4.0/StructureDefinition/ValueSet"/>-->
  </meta>
  <extension url="http://hl7.org/fhir/StructureDefinition/resource-effectivePeriod">
    <valuePeriod>
      <start value="2020-05-04T21:25:58+02:00" />
    </valuePeriod>
  </extension>
  <url value="https://www.netzwerk-universitaetsmedizin.de/fhir/ValueSet/chronic-liver-diseases-icd" />
  <identifier>
    <use value="official" />
    <system value="http://art-decor.org/ns/oids/vs" />
    <value value="1.2.276.0.76.11.496" />
  </identifier>
  <version value="1.0.5" />
  <name value="ChronicLiverDiseasesICD" />
  <title value="Chronic Liver Diseases ICD-10-GM" />
  <status value="active" />
  <experimental value="false" />
  <publisher value="Charité" />
  <description value="Chronic liver diseases in the context of Covid-19 from ICD-10-GM" />
  <immutable value="false" />
  <compose>
    <include>
      <system value="http://fhir.de/CodeSystem/bfarm/icd-10-gm" />
      <version value="2021" />
      <concept>
        <code value="K76.0" />
        <display value="Fettleber [fettige Degeneration], anderenorts nicht klassifiziert" />
      </concept>
      <concept>
        <code value="K70.0" />
        <display value="Alkoholische Fettleber" />
      </concept>
      <concept>
        <code value="K74.6" />
        <display value="Sonstige und nicht näher bezeichnete Zirrhose der Leber" />
      </concept>
      <concept>
        <code value="B18.9" />
        <display value="Chronische Virushepatitis, nicht näher bezeichnet" />
      </concept>
      <concept>
        <code value="K76.9" />
        <display value="Leberkrankheit, nicht näher bezeichnet" />
      </concept>
    </include>
    <include>
      <system value="http://fhir.de/CodeSystem/bfarm/icd-10-gm" />
      <version value="2021" />
      <filter>
        <property value="concept" />
        <op value="regex" />
        <value value="^K7.*" />
      </filter>
      <filter>
        <property value="child" />
        <op value="exists" />
        <value value="false" />
      </filter>
    </include>
    <include>
      <system value="http://fhir.de/CodeSystem/bfarm/icd-10-gm" />
      <version value="2021" />
      <filter>
        <property value="concept" />
        <op value="is-a" />
        <value value="B18" />
      </filter>
      <filter>
        <property value="child" />
        <op value="exists" />
        <value value="false" />
      </filter>
    </include>
  </compose>
</ValueSet>