<ValueSet xmlns="http://hl7.org/fhir">
  <id value="1.2.276.0.76.11.492--20200503232410" />
  <meta>
    <profile value="http://hl7.org/fhir/StructureDefinition/shareablevalueset" />
    <!--<profile value="http://hl7.org/fhir/4.0/StructureDefinition/ValueSet"/>-->
  </meta>
  <extension url="http://hl7.org/fhir/StructureDefinition/resource-effectivePeriod">
    <valuePeriod>
      <start value="2020-05-03T23:24:10+02:00" />
    </valuePeriod>
  </extension>
  <url value="https://www.netzwerk-universitaetsmedizin.de/fhir/ValueSet/stage-at-diagnosis" />
  <identifier>
    <use value="official" />
    <system value="http://art-decor.org/ns/oids/vs" />
    <value value="1.2.276.0.76.11.492" />
  </identifier>
  <version value="1.0" />
  <name value="StageAtDiagnosis" />
  <title value="Stage at Diagnosis" />
  <status value="active" />
  <experimental value="false" />
  <publisher value="Charité" />
  <description value="Disease stage at diagnosis" />
  <immutable value="false" />
  <copyright value="This artefact includes content from SNOMED Clinical Terms® (SNOMED CT®) which is copyright of the International Health Terminology Standards Development Organisation (IHTSDO). Implementers of these artefacts must have the appropriate SNOMED CT Affiliate license - for more information contact http://www.snomed.org/snomed-ct/getsnomed-ct or info@snomed.org." />
  <compose>
    <include>
      <system value="http://snomed.info/sct" />
      <concept>
        <code value="255604002" />
        <display value="Mild (qualifier value)" />
      </concept>
      <concept>
        <code value="371923003" />
        <display value="Mild to moderate (qualifier value)" />
      </concept>
      <concept>
        <code value="6736007" />
        <display value="Moderate (severity modifier) (qualifier value)" />
      </concept>
      <concept>
        <code value="371924009" />
        <display value="Moderate to severe (qualifier value)" />
      </concept>
      <concept>
        <code value="24484000" />
        <display value="Severe (severity modifier) (qualifier value)" />
      </concept>
      <concept>
        <code value="442452003" />
        <display value="Life threatening severity (qualifier value)" />
      </concept>
      <concept>
        <code value="277022003" />
        <display value="Remission phase (qualifier value)" />
      </concept>
      <concept>
        <code value="399166001" />
        <display value="Fatal (qualifier value)" />
      </concept>
      <concept>
        <code value="261665006" />
        <display value="Unknown (qualifier value)" />
      </concept>
    </include>
  </compose>
</ValueSet>