<ValueSet xmlns="http://hl7.org/fhir">
  <id value="1.2.276.0.76.11.503--20200504231119" />
  <meta>
    <profile value="http://hl7.org/fhir/StructureDefinition/shareablevalueset" />
    <!--<profile value="http://hl7.org/fhir/4.0/StructureDefinition/ValueSet"/>-->
  </meta>
  <extension url="http://hl7.org/fhir/StructureDefinition/resource-effectivePeriod">
    <valuePeriod>
      <start value="2020-05-04T23:11:19+02:00" />
    </valuePeriod>
  </extension>
  <url value="https://www.netzwerk-universitaetsmedizin.de/fhir/ValueSet/anticoagulants-atc" />
  <identifier>
    <use value="official" />
    <system value="http://art-decor.org/ns/oids/vs" />
    <value value="1.2.276.0.76.11.503" />
  </identifier>
  <version value="1.0.5" />
  <name value="AnticoagulantsATC" />
  <title value="Anticoagulants ATC" />
  <status value="active" />
  <experimental value="false" />
  <publisher value="Charité" />
  <description value="Pharmacological therapy using anticoagulants in the context of Covid-19" />
  <immutable value="false" />
  <compose>
    <include>
      <system value="http://fhir.de/CodeSystem/bfarm/atc" />
      <version value="2021" />
      <concept>
        <code value="B01AB" />
        <display value="Heparingruppe" />
      </concept>
      <concept>
        <code value="B01AB01" />
        <display value="Heparin" />
      </concept>
      <concept>
        <code value="B01AB02" />
        <display value="Antithrombin III, Antithrombin alfa" />
      </concept>
      <concept>
        <code value="B01AB04" />
        <display value="Dalteparin" />
      </concept>
      <concept>
        <code value="B01AB05" />
        <display value="Enoxaparin" />
      </concept>
      <concept>
        <code value="B01AB06" />
        <display value="Nadroparin" />
      </concept>
      <concept>
        <code value="B01AB07" />
        <display value="Parnaparin" />
      </concept>
      <concept>
        <code value="B01AB08" />
        <display value="Reviparin" />
      </concept>
      <concept>
        <code value="B01AB09" />
        <display value="Danaparoid" />
      </concept>
      <concept>
        <code value="B01AB10" />
        <display value="Tinzaparin" />
      </concept>
      <concept>
        <code value="B01AB11" />
        <display value="Sulodexid" />
      </concept>
      <concept>
        <code value="B01AB12" />
        <display value="Bemiparin" />
      </concept>
      <concept>
        <code value="B01AB13" />
        <display value="Certoparin" />
      </concept>
      <concept>
        <code value="B01AB51" />
        <display value="Heparin, Kombinationen" />
      </concept>
      <concept>
        <code value="B01AB63" />
        <display value="Certoparin, Kombinationen" />
      </concept>
      <concept>
        <code value="B01AE03" />
        <display value="Argatroban" />
      </concept>
      <concept>
        <code value="B01AC" />
        <display value="Thrombozytenaggregationshemmer, exkl. Heparin" />
      </concept>
      <concept>
        <code value="B01AC01" />
        <display value="Ditazol" />
      </concept>
      <concept>
        <code value="B01AC02" />
        <display value="Cloricromen" />
      </concept>
      <concept>
        <code value="B01AC03" />
        <display value="Picotamid" />
      </concept>
      <concept>
        <code value="B01AC04" />
        <display value="Clopidogrel" />
      </concept>
      <concept>
        <code value="B01AC05" />
        <display value="Ticlopidin" />
      </concept>
      <concept>
        <code value="B01AC06" />
        <display value="Acetylsalicylsäure" />
      </concept>
      <concept>
        <code value="B01AC07" />
        <display value="Dipyridamol" />
      </concept>
      <concept>
        <code value="B01AC08" />
        <display value="Carbasalat calcium" />
      </concept>
      <concept>
        <code value="B01AC09" />
        <display value="Epoprostenol" />
      </concept>
      <concept>
        <code value="B01AC10" />
        <display value="Indobufen" />
      </concept>
      <concept>
        <code value="B01AC11" />
        <display value="Iloprost" />
      </concept>
      <concept>
        <code value="B01AC12" />
        <display value="Sulfinpyrazon" />
      </concept>
      <concept>
        <code value="B01AC13" />
        <display value="Abciximab" />
      </concept>
      <concept>
        <code value="B01AC15" />
        <display value="Aloxiprin" />
      </concept>
      <concept>
        <code value="B01AC16" />
        <display value="Eptifibatid" />
      </concept>
      <concept>
        <code value="B01AC17" />
        <display value="Tirofiban" />
      </concept>
      <concept>
        <code value="B01AC18" />
        <display value="Triflusal" />
      </concept>
      <concept>
        <code value="B01AC19" />
        <display value="Beraprost" />
      </concept>
      <concept>
        <code value="B01AC21" />
        <display value="Treprostinil" />
      </concept>
      <concept>
        <code value="B01AC22" />
        <display value="Prasugrel" />
      </concept>
      <concept>
        <code value="B01AC23" />
        <display value="Cilostazol" />
      </concept>
      <concept>
        <code value="B01AC24" />
        <display value="Ticagrelor" />
      </concept>
      <concept>
        <code value="B01AC25" />
        <display value="Cangrelor" />
      </concept>
      <concept>
        <code value="B01AC26" />
        <display value="Vorapaxar" />
      </concept>
      <concept>
        <code value="B01AC27" />
        <display value="Selexipag" />
      </concept>
      <concept>
        <code value="B01AC30" />
        <display value="Kombinationen" />
      </concept>
      <concept>
        <code value="B01AC34" />
        <display value="Clopidogrel und Acetylsalicylsäure" />
      </concept>
      <concept>
        <code value="B01AC36" />
        <display value="Dipyridamol und Acetylsalicylsäure" />
      </concept>
      <concept>
        <code value="B01AC56" />
        <display value="Acetylsalicylsäure, Kombinationen mit Protonenpumpenhemmern" />
      </concept>
      <concept>
        <code value="B01AC86" />
        <display value="Acetylsalicylsäure und Esomeprazol" />
      </concept>
      <concept>
        <code value="B01AA04" />
        <display value="Phenprocoumon" />
      </concept>
      <concept>
        <code value="B01AF" />
        <display value="Direkte Faktor-Xa-Inhibitoren" />
      </concept>
      <concept>
        <code value="B01AF01" />
        <display value="Rivaroxaban" />
      </concept>
      <concept>
        <code value="B01AF02" />
        <display value="Apixaban" />
      </concept>
      <concept>
        <code value="B01AF03" />
        <display value="Edoxaban" />
      </concept>
      <concept>
        <code value="B01AF04" />
        <display value="Betrixaban" />
      </concept>
      <concept>
        <code value="B01AE" />
        <display value="Direkte Thrombininhibitoren" />
      </concept>
      <concept>
        <code value="B01AE01" />
        <display value="Desirudin" />
      </concept>
      <concept>
        <code value="B01AE02" />
        <display value="Lepirudin" />
      </concept>
      <concept>
        <code value="B01AE03" />
        <display value="Argatroban" />
      </concept>
      <concept>
        <code value="B01AE04" />
        <display value="Melagatran" />
      </concept>
      <concept>
        <code value="B01AE05" />
        <display value="Ximelagatran" />
      </concept>
      <concept>
        <code value="B01AE06" />
        <display value="Bivalirudin" />
      </concept>
      <concept>
        <code value="B01AE07" />
        <display value="Dabigatranetexilat" />
      </concept>
    </include>
  </compose>
</ValueSet>