{
  "resourceType": "ValueSet",
  "id": "gecco-valueset-vaccines-snomed",
  "extension": [
    {
      "url": "http://hl7.org/fhir/StructureDefinition/valueset-supplement",
      "valueCanonical": "https://www.netzwerk-universitaetsmedizin.de/fhir/CodeSystem/snomed-pce-supplement|1.0.5"
    }
  ],
  "url": "https://www.netzwerk-universitaetsmedizin.de/fhir/ValueSet/vaccines-snomed",
  "version": "1.0.6",
  "name": "VaccinesSNOMED",
  "title": "Vaccines SNOMED",
  "status": "active",
  "experimental": false,
  "publisher": "Charité",
  "contact": [
    {
      "telecom": [
        {
          "system": "url",
          "value": "https://www.bihealth.org/en/research/core-facilities/interoperability/"
        }
      ]
    }
  ],
  "description": "This value set contains SNOMED codes for vaccines",
  "immutable": false,
  "copyright": "This artefact includes content from SNOMED Clinical Terms® (SNOMED CT®) which is copyright of the International Health Terminology Standards Development Organisation (IHTSDO). Implementers of these artefacts must have the appropriate SNOMED CT Affiliate license - for more information contact http://www.snomed.org/snomed-ct/getsnomed-ct or info@snomed.org.",
  "compose": {
    "include": [
      {
        "system": "http://snomed.info/sct",
        "version": "http://snomed.info/sct/900000000000207008/version/20210731",
        "concept": [
          {
            "code": "1119305005",
            "display": "Vaccine product containing only Severe acute respiratory syndrome coronavirus 2 antigen (medicinal product)"
          },
          {
            "code": "1157024006",
            "display": "Vaccine product containing only inactivated whole Severe acute respiratory syndrome coronavirus 2 antigen (medicinal product)"
          },
          {
            "code": "1162643001",
            "display": "Vaccine product containing only Severe acute respiratory syndrome coronavirus 2 recombinant spike protein antigen (medicinal product)"
          },
          {
            "code": "1119349007",
            "display": "Vaccine product containing only Severe acute respiratory syndrome coronavirus 2 messenger ribonucleic acid (medicinal product)"
          },
          {
            "code": "29061000087103",
            "display": "Vaccine product containing only recombinant non-replicating viral vector encoding Severe acute respiratory syndrome coronavirus 2 spike protein (medicinal product)"
          },
          {
            "code": "871875004",
            "display": "Vaccine product containing only Bordetella pertussis and Clostridium tetani and Corynebacterium diphtheriae antigens (medicinal product)"
          },
          {
            "code": "787859002",
            "display": "Vaccine product (medicinal product)"
          },
          {
            "code": "37146000",
            "display": "Typhus vaccine (product)"
          },
          {
            "code": "2221000221107",
            "display": "Vaccine product containing only live attenuated Human alphaherpesvirus 3 antigen (medicinal product)"
          },
          {
            "code": "836498007+836388000",
            "display": "Vaccine product containing Mumps orthorubulavirus antigen (medicinal product) + Vaccine product containing Rubella virus antigen (medicinal product)"
          },
          {
            "code": "871729003+836380007+601000221108+863911006+836374004+871871008",
            "display": "Vaccine product containing only Corynebacterium diphtheriae antigen (medicinal product) + Vaccine product containing Haemophilus influenzae type B antigen (medicinal product) + Vaccine product containing Bordetella pertussis antigen (medicinal product) + Vaccine product containing Clostridium tetani antigen (medicinal product) + Vaccine product containing Hepatitis B virus antigen (medicinal product) + Vaccine product containing only Neisseria meningitidis serogroup A and C antigens (medicinal product)"
          },
          {
            "code": "871891001",
            "display": "Vaccine product containing only acellular Bordetella pertussis and Clostridium tetani and Corynebacterium diphtheriae and Hepatitis B virus and inactivated whole Human poliovirus antigens (medicinal product)"
          },
          {
            "code": "871729003+836380007+601000221108+863911006+836374004",
            "display": "Vaccine product containing only Corynebacterium diphtheriae antigen (medicinal product) + Vaccine product containing Haemophilus influenzae type B antigen (medicinal product) + Vaccine product containing Bordetella pertussis antigen (medicinal product) + Vaccine product containing Clostridium tetani antigen (medicinal product) + Vaccine product containing Hepatitis B virus antigen (medicinal product)"
          },
          {
            "code": "871804001",
            "display": "Vaccine product containing only Hepatitis A virus and Salmonella enterica subspecies enterica serovar Typhi antigens (medicinal product)"
          },
          {
            "code": "871895005",
            "display": "Vaccine product containing only Bordetella pertussis and Clostridium tetani and Corynebacterium diphtheriae and Haemophilus influenzae type B and Hepatitis B virus and Human poliovirus antigens (medicinal product)"
          },
          {
            "code": "871806004",
            "display": "Vaccine product containing only Haemophilus influenzae type B and Hepatitis B virus antigens (medicinal product)"
          },
          {
            "code": "871729003+836374004+863911006",
            "display": "Vaccine product containing only Corynebacterium diphtheriae antigen (medicinal product) + Vaccine product containing Hepatitis B virus antigen (medicinal product) + Vaccine product containing Clostridium tetani antigen (medicinal product)"
          },
          {
            "code": "871887006",
            "display": "Vaccine product containing only Bordetella pertussis and Clostridium tetani and Corynebacterium diphtheriae and Haemophilus influenzae type B and Human poliovirus antigens (medicinal product)"
          },
          {
            "code": "863911006+836374004+601000221108+836381006",
            "display": "Vaccine product containing Clostridium tetani antigen (medicinal product) + Vaccine product containing Hepatitis B virus antigen (medicinal product) + Vaccine product containing Bordetella pertussis antigen (medicinal product) + Vaccine product containing Corynebacterium diphtheriae antigen (medicinal product)"
          },
          {
            "code": "836380007+1031000221108",
            "display": "Vaccine product containing Haemophilus influenzae type B antigen (medicinal product) + Vaccine product containing Human poliovirus antigen (medicinal product)"
          },
          {
            "code": "871729003+836388000+863911006",
            "display": "Vaccine product containing only Corynebacterium diphtheriae antigen (medicinal product) + Vaccine product containing Rubella virus antigen (medicinal product) + Vaccine product containing Clostridium tetani antigen (medicinal product)"
          },
          {
            "code": "871878002",
            "display": "Vaccine product containing only Bordetella pertussis and Clostridium tetani and Corynebacterium diphtheriae and Human poliovirus antigens (medicinal product)"
          },
          {
            "code": "871837004",
            "display": "Vaccine product containing only Clostridium tetani and Corynebacterium diphtheriae and Human poliovirus antigens (medicinal product)"
          },
          {
            "code": "871908002",
            "display": "Vaccine product containing only Human alphaherpesvirus 3 and Measles morbillivirus and Mumps orthorubulavirus and Rubella virus antigens (medicinal product)"
          },
          {
            "code": "836382004+836388000",
            "display": "Vaccine product containing Measles morbillivirus antigen (medicinal product) + Vaccine product containing Rubella virus antigen (medicinal product)"
          },
          {
            "code": "871831003",
            "display": "Vaccine product containing only Measles morbillivirus and Mumps orthorubulavirus and Rubella virus antigens (medicinal product)"
          },
          {
            "code": "836498007+836382004",
            "display": "Vaccine product containing Mumps orthorubulavirus antigen (medicinal product) + Vaccine product containing Measles morbillivirus antigen (medicinal product)"
          },
          {
            "code": "871803007",
            "display": "Vaccine product containing only Hepatitis A and Hepatitis B virus antigens (medicinal product)"
          },
          {
            "code": "871826000",
            "display": "Vaccine product containing only Clostridium tetani and Corynebacterium diphtheriae antigens (medicinal product)"
          },
          {
            "code": "836398006+836380007",
            "display": "Vaccine product containing Streptococcus pneumoniae antigen (medicinal product) + Vaccine product containing Haemophilus influenzae type B antigen (medicinal product)"
          },
          {
            "code": "836500008",
            "display": "Vaccine product containing only Haemophilus influenzae type B and Neisseria meningitidis serogroup C antigens (medicinal product)"
          },
          {
            "code": "836380007+601000221108",
            "display": "Vaccine product containing Haemophilus influenzae type B antigen (medicinal product) + Vaccine product containing Bordetella pertussis antigen (medicinal product)"
          },
          {
            "code": "836383009+836390004",
            "display": "Vaccine product containing Vibrio cholerae antigen (medicinal product) + Vaccine product containing Salmonella enterica subspecies enterica serovar Typhi antigen (medicinal product)"
          },
          {
            "code": "836378001",
            "display": "Vaccine product containing Japanese encephalitis virus antigen (medicinal product)"
          },
          {
            "code": "836403007",
            "display": "Vaccine product containing Tick-borne encephalitis virus antigen (medicinal product)"
          },
          {
            "code": "871738001",
            "display": "Vaccine product containing only live attenuated Mumps orthorubulavirus antigen (medicinal product)"
          },
          {
            "code": "1031000221108",
            "display": "Vaccine product containing Human poliovirus antigen (medicinal product)"
          },
          {
            "code": "836387005",
            "display": "Vaccine product containing Rotavirus antigen (medicinal product)"
          },
          {
            "code": "836393002",
            "display": "Vaccine product containing Rabies lyssavirus antigen (medicinal product)"
          },
          {
            "code": "836495005",
            "display": "Vaccine product containing Human alphaherpesvirus 3 antigen (medicinal product)"
          },
          {
            "code": "836389008",
            "display": "Vaccine product containing Vaccinia virus antigen (medicinal product)"
          },
          {
            "code": "836379009",
            "display": "Vaccine product containing Human papillomavirus antigen (medicinal product)"
          },
          {
            "code": "836385002",
            "display": "Vaccine product containing Yellow fever virus antigen (medicinal product)"
          },
          {
            "code": "836388000",
            "display": "Vaccine product containing Rubella virus antigen (medicinal product)"
          },
          {
            "code": "836382004",
            "display": "Vaccine product containing Measles morbillivirus antigen (medicinal product)"
          },
          {
            "code": "836375003",
            "display": "Vaccine product containing Hepatitis A virus antigen (medicinal product)"
          },
          {
            "code": "836374004",
            "display": "Vaccine product containing Hepatitis B virus antigen (medicinal product)"
          },
          {
            "code": "836377006",
            "display": "Vaccine product containing Influenza virus antigen (medicinal product)"
          },
          {
            "code": "836390004",
            "display": "Vaccine product containing Salmonella enterica subspecies enterica serovar Typhi antigen (medicinal product)"
          },
          {
            "code": "836402002",
            "display": "Vaccine product containing live attenuated Mycobacterium bovis antigen (medicinal product)"
          },
          {
            "code": "863911006",
            "display": "Vaccine product containing Clostridium tetani antigen (medicinal product)"
          },
          {
            "code": "836398006",
            "display": "Vaccine product containing Streptococcus pneumoniae antigen (medicinal product)"
          },
          {
            "code": "840549009",
            "display": "Vaccine product containing Yersinia pestis antigen (medicinal product)"
          },
          {
            "code": "601000221108",
            "display": "Vaccine product containing Bordetella pertussis antigen (medicinal product)"
          },
          {
            "code": "836401009",
            "display": "Vaccine product containing Neisseria meningitidis antigen (medicinal product)"
          },
          {
            "code": "836380007",
            "display": "Vaccine product containing Haemophilus influenzae type B antigen (medicinal product)"
          },
          {
            "code": "836381006",
            "display": "Vaccine product containing Corynebacterium diphtheriae antigen (medicinal product)"
          },
          {
            "code": "836383009",
            "display": "Vaccine product containing Vibrio cholerae antigen (medicinal product)"
          },
          {
            "code": "836384003",
            "display": "Vaccine product containing Bacillus anthracis antigen (medicinal product)"
          }
        ]
      }
    ]
  }
}