<ValueSet xmlns="http://hl7.org/fhir">
  <id value="1.2.276.0.76.11.494--20200504201742" />
  <meta>
    <profile value="http://hl7.org/fhir/StructureDefinition/shareablevalueset" />
    <!--<profile value="http://hl7.org/fhir/4.0/StructureDefinition/ValueSet"/>-->
  </meta>
  <extension url="http://hl7.org/fhir/StructureDefinition/resource-effectivePeriod">
    <valuePeriod>
      <start value="2020-05-04T20:17:42+02:00" />
    </valuePeriod>
  </extension>
  <url value="https://www.netzwerk-universitaetsmedizin.de/fhir/ValueSet/pharmacological-therapy-atc" />
  <identifier>
    <use value="official" />
    <system value="http://art-decor.org/ns/oids/vs" />
    <value value="1.2.276.0.76.11.494" />
  </identifier>
  <version value="1.0.5" />
  <name value="DrugTherapyATC" />
  <title value="Pharmacological Therapy ATC" />
  <status value="active" />
  <experimental value="false" />
  <publisher value="Charité" />
  <description value="Pharmacological therapy in the context of Covid-19" />
  <immutable value="false" />
  <compose>
    <include>
      <system value="http://fhir.de/CodeSystem/bfarm/atc" />
      <version value="2021" />
      <concept>
        <code value="N02B" />
        <display value="ANDERE ANALGETIKA UND ANTIPYRETIKA" />
      </concept>
      <concept>
        <code value="N02BA" />
        <display value="Salicylsäure und Derivate" />
      </concept>
      <concept>
        <code value="N02BA01" />
        <display value="Acetylsalicylsäure" />
      </concept>
      <concept>
        <code value="N02BA02" />
        <display value="Aloxiprin" />
      </concept>
      <concept>
        <code value="N02BA03" />
        <display value="Cholinsalicylat" />
      </concept>
      <concept>
        <code value="N02BA04" />
        <display value="Natriumsalicylat" />
      </concept>
      <concept>
        <code value="N02BA05" />
        <display value="Salicylamid" />
      </concept>
      <concept>
        <code value="N02BA06" />
        <display value="Salsalat" />
      </concept>
      <concept>
        <code value="N02BA07" />
        <display value="Ethenzamid" />
      </concept>
      <concept>
        <code value="N02BA08" />
        <display value="Morpholinsalicylat" />
      </concept>
      <concept>
        <code value="N02BA09" />
        <display value="Dipyrocetyl" />
      </concept>
      <concept>
        <code value="N02BA10" />
        <display value="Benorilat" />
      </concept>
      <concept>
        <code value="N02BA11" />
        <display value="Diflunisal" />
      </concept>
      <concept>
        <code value="N02BA12" />
        <display value="Kaliumsalicylat" />
      </concept>
      <concept>
        <code value="N02BA13" />
        <display value="Lysin-Acetylsalicylat" />
      </concept>
      <concept>
        <code value="N02BA14" />
        <display value="Guacetisal" />
      </concept>
      <concept>
        <code value="N02BA15" />
        <display value="Carbasalat calcium" />
      </concept>
      <concept>
        <code value="N02BA16" />
        <display value="Imidazolsalicylat" />
      </concept>
      <concept>
        <code value="N02BA19" />
        <display value="Cholin-Magnesium-Tris-Salicylat" />
      </concept>
      <concept>
        <code value="N02BA20" />
        <display value="Kombinationen" />
      </concept>
      <concept>
        <code value="N02BA51" />
        <display value="Acetylsalicylsäure, Kombinationen exkl. Psycholeptika" />
      </concept>
      <concept>
        <code value="N02BA55" />
        <display value="Salicylamid, Kombinationen exkl. Psycholeptika" />
      </concept>
      <concept>
        <code value="N02BA57" />
        <display value="Ethenzamid, Kombinationen exkl. Psycholeptika" />
      </concept>
      <concept>
        <code value="N02BA59" />
        <display value="Dipyrocetyl, Kombinationen exkl. Psycholeptika" />
      </concept>
      <concept>
        <code value="N02BA65" />
        <display value="Carbasalat calcium, Kombinationen exkl. Psycholeptika" />
      </concept>
      <concept>
        <code value="N02BA71" />
        <display value="Acetylsalicylsäure, Kombinationen mit Psycholeptika" />
      </concept>
      <concept>
        <code value="N02BA75" />
        <display value="Salicylamid, Kombinationen mit Psycholeptika" />
      </concept>
      <concept>
        <code value="N02BA77" />
        <display value="Ethenzamid, Kombinationen mit Psycholeptika" />
      </concept>
      <concept>
        <code value="N02BA79" />
        <display value="Dipyrocetyl, Kombinationen mit Psycholeptika" />
      </concept>
      <concept>
        <code value="N02BB" />
        <display value="Pyrazolone" />
      </concept>
      <concept>
        <code value="N02BB01" />
        <display value="Phenazon" />
      </concept>
      <concept>
        <code value="N02BB02" />
        <display value="Metamizol-Natrium" />
      </concept>
      <concept>
        <code value="N02BB03" />
        <display value="Aminophenazon" />
      </concept>
      <concept>
        <code value="N02BB04" />
        <display value="Propyphenazon" />
      </concept>
      <concept>
        <code value="N02BB05" />
        <display value="Nifenazon" />
      </concept>
      <concept>
        <code value="N02BB06" />
        <display value="Phenazonsalicylat" />
      </concept>
      <concept>
        <code value="N02BB51" />
        <display value="Phenazon, Kombinationen exkl. Psycholeptika" />
      </concept>
      <concept>
        <code value="N02BB52" />
        <display value="Metamizol-Natrium, Kombinationen exkl. Psycholeptika" />
      </concept>
      <concept>
        <code value="N02BB53" />
        <display value="Aminophenazon, Kombinationen exkl. Psycholeptika" />
      </concept>
      <concept>
        <code value="N02BB54" />
        <display value="Propyphenazon, Kombinationen exkl. Psycholeptika**" />
      </concept>
      <concept>
        <code value="N02BB56" />
        <display value="Phenazonsalicylat, Kombinationen exkl. Psycholeptika" />
      </concept>
      <concept>
        <code value="N02BB71" />
        <display value="Phenazon, Kombinationen mit Psycholeptika" />
      </concept>
      <concept>
        <code value="N02BB72" />
        <display value="Metamizol-Natrium, Kombinationen mit Psycholeptika" />
      </concept>
      <concept>
        <code value="N02BB73" />
        <display value="Aminophenazon, Kombinationen mit Psycholeptika" />
      </concept>
      <concept>
        <code value="N02BB74" />
        <display value="Propyphenazon, Kombinationen mit Psycholeptika" />
      </concept>
      <concept>
        <code value="N02BB76" />
        <display value="Phenazonsalicylat, Kombinationen mit Psycholeptika" />
      </concept>
      <concept>
        <code value="N02BE" />
        <display value="Anilide" />
      </concept>
      <concept>
        <code value="N02BE01" />
        <display value="Paracetamol" />
      </concept>
      <concept>
        <code value="N02BE03" />
        <display value="Phenacetin" />
      </concept>
      <concept>
        <code value="N02BE04" />
        <display value="Bucetin" />
      </concept>
      <concept>
        <code value="N02BE05" />
        <display value="Propacetamol" />
      </concept>
      <concept>
        <code value="N02BE51" />
        <display value="Paracetamol, Kombinationen exkl. Psycholeptika" />
      </concept>
      <concept>
        <code value="N02BE53" />
        <display value="Phenacetin, Kombinationen exkl. Psycholeptika" />
      </concept>
      <concept>
        <code value="N02BE54" />
        <display value="Bucetin, Kombinationen exkl. Psycholeptika" />
      </concept>
      <concept>
        <code value="N02BE61" />
        <display value="Paracetamol, Kombinationen mit Coffein" />
      </concept>
      <concept>
        <code value="N02BE71" />
        <display value="Paracetamol, Kombinationen mit Psycholeptika" />
      </concept>
      <concept>
        <code value="N02BE73" />
        <display value="Phenacetin, Kombinationen mit Psycholeptika" />
      </concept>
      <concept>
        <code value="N02BE74" />
        <display value="Bucetin, Kombinationen mit Psycholeptika" />
      </concept>
      <concept>
        <code value="N02BG" />
        <display value="Andere Analgetika und Antipyretika" />
      </concept>
      <concept>
        <code value="N02BG02" />
        <display value="Rimazolium" />
      </concept>
      <concept>
        <code value="N02BG03" />
        <display value="Glafenin" />
      </concept>
      <concept>
        <code value="N02BG04" />
        <display value="Floctafenin" />
      </concept>
      <concept>
        <code value="N02BG05" />
        <display value="Viminol" />
      </concept>
      <concept>
        <code value="N02BG06" />
        <display value="Nefopam" />
      </concept>
      <concept>
        <code value="N02BG07" />
        <display value="Flupirtin" />
      </concept>
      <concept>
        <code value="N02BG08" />
        <display value="Ziconotid" />
      </concept>
      <concept>
        <code value="N02BG09" />
        <display value="Methoxyfluran" />
      </concept>
      <concept>
        <code value="N02BG10" />
        <display value="Cannabinoide" />
      </concept>
      <concept>
        <code value="N02BG11" />
        <display value="Mirogabalin" />
      </concept>
      <concept>
        <code value="N02BG12" />
        <display value="Tanezumab" />
      </concept>
      <concept>
        <code value="N02BH" />
        <display value="Homöopathische und anthroposophische Analgetika und Antipyretika" />
      </concept>
      <concept>
        <code value="N02BH01" />
        <display value="Aconitum" />
      </concept>
      <concept>
        <code value="N02BH10" />
        <display value="Verschiedene" />
      </concept>
      <concept>
        <code value="N02BH20" />
        <display value="Kombinationen" />
      </concept>
      <concept>
        <code value="N02BP" />
        <display value="Pflanzliche Analgetika und Antipyretika" />
      </concept>
      <concept>
        <code value="N02BP01" />
        <display value="Blauer Eisenhut" />
      </concept>
      <concept>
        <code value="N02BP02" />
        <display value="Lindenblüten" />
      </concept>
      <concept>
        <code value="G01B" />
        <display value="ANTIINFEKTIVA/ANTISEPTIKA IN KOMBINATION MIT CORTICOSTEROIDEN" />
      </concept>
      <concept>
        <code value="G01BA" />
        <display value="Antibiotika und Corticosteroide" />
      </concept>
      <concept>
        <code value="G01BA01" />
        <display value="Antibiotika und Corticosteroide" />
      </concept>
      <concept>
        <code value="G01BC" />
        <display value="Chinolin-Derivate und Corticosteroide" />
      </concept>
      <concept>
        <code value="G01BD" />
        <display value="Antiseptika und Corticosteroide" />
      </concept>
      <concept>
        <code value="G01BD01" />
        <display value="Antiseptika und Corticosteroide" />
      </concept>
      <concept>
        <code value="G01BE" />
        <display value="Sulfonamide und Corticosteroide" />
      </concept>
      <concept>
        <code value="G01BE50" />
        <display value="Sulfonamide und Corticosteroide, Kombinationen mit Antibiotika" />
      </concept>
      <concept>
        <code value="G01BF" />
        <display value="Imidazol-Derivate und Corticosteroide" />
      </concept>
      <concept>
        <code value="H02" />
        <display value="CORTICOSTEROIDE ZUR SYSTEMISCHEN ANWENDUNG" />
      </concept>
      <concept>
        <code value="H02A" />
        <display value="CORTICOSTEROIDE ZUR SYSTEMISCHEN ANWENDUNG, REIN" />
      </concept>
      <concept>
        <code value="H02AA" />
        <display value="Mineralocorticoide" />
      </concept>
      <concept>
        <code value="H02AA01" />
        <display value="Aldosteron" />
      </concept>
      <concept>
        <code value="H02AA02" />
        <display value="Fludrocortison" />
      </concept>
      <concept>
        <code value="H02AA03" />
        <display value="Desoxycorton" />
      </concept>
      <concept>
        <code value="H02AB" />
        <display value="Glucocorticoide" />
      </concept>
      <concept>
        <code value="H02AB01" />
        <display value="Betamethason" />
      </concept>
      <concept>
        <code value="H02AB02" />
        <display value="Dexamethason" />
      </concept>
      <concept>
        <code value="H02AB03" />
        <display value="Fluocortolon" />
      </concept>
      <concept>
        <code value="H02AB04" />
        <display value="Methylprednisolon" />
      </concept>
      <concept>
        <code value="H02AB05" />
        <display value="Paramethason" />
      </concept>
      <concept>
        <code value="H02AB06" />
        <display value="Prednisolon" />
      </concept>
      <concept>
        <code value="H02AB07" />
        <display value="Prednison" />
      </concept>
      <concept>
        <code value="H02AB08" />
        <display value="Triamcinolon" />
      </concept>
      <concept>
        <code value="H02AB09" />
        <display value="Hydrocortison" />
      </concept>
      <concept>
        <code value="H02AB10" />
        <display value="Cortison" />
      </concept>
      <concept>
        <code value="H02AB11" />
        <display value="Prednyliden" />
      </concept>
      <concept>
        <code value="H02AB12" />
        <display value="Rimexolon" />
      </concept>
      <concept>
        <code value="H02AB13" />
        <display value="Deflazacort" />
      </concept>
      <concept>
        <code value="H02AB14" />
        <display value="Cloprednol" />
      </concept>
      <concept>
        <code value="H02AB15" />
        <display value="Meprednison" />
      </concept>
      <concept>
        <code value="H02AB17" />
        <display value="Cortivazol" />
      </concept>
      <concept>
        <code value="H02AB51" />
        <display value="Betamethason-Depot" />
      </concept>
      <concept>
        <code value="H02AB54" />
        <display value="Methylprednisolon-Depot" />
      </concept>
      <concept>
        <code value="H02AB56" />
        <display value="Prednisolon-Depot" />
      </concept>
      <concept>
        <code value="H02AB58" />
        <display value="Triamcinolon-Depot" />
      </concept>
      <concept>
        <code value="H02B" />
        <display value="CORTICOSTEROIDE ZUR SYSTEMISCHEN ANWENDUNG, KOMBINATIONEN" />
      </concept>
      <concept>
        <code value="H02BX" />
        <display value="Corticosteroide zur systemischen Anwendung, Kombinationen" />
      </concept>
      <concept>
        <code value="H02BX01" />
        <display value="Methylprednisolon, Kombinationen" />
      </concept>
      <concept>
        <code value="H02BX02" />
        <display value="Dexamethason, Kombinationen" />
      </concept>
      <concept>
        <code value="H02BX06" />
        <display value="Prednisolon, Kombinationen" />
      </concept>
      <concept>
        <code value="H02BX08" />
        <display value="Triamcinolon, Kombinationen" />
      </concept>
      <concept>
        <code value="H02BX09" />
        <display value="Betamethason, Kombinationen" />
      </concept>
      <concept>
        <code value="H02BX20" />
        <display value="Kombinationen" />
      </concept>
      <concept>
        <code value="H02BX21" />
        <display value="Desoxycorton, Kombinationen" />
      </concept>
      <concept>
        <code value="H02C" />
        <display value="NEBENNIERENHEMMSTOFFE" />
      </concept>
      <concept>
        <code value="H02CA" />
        <display value="Anticorticosteroide" />
      </concept>
      <concept>
        <code value="H02CA01" />
        <display value="Trilostan" />
      </concept>
      <concept>
        <code value="H02CA02" />
        <display value="Osilodrostat" />
      </concept>
      <concept>
        <code value="H02CA03" />
        <display value="Ketoconazol" />
      </concept>
      <concept>
        <code value="M01BA" />
        <display value="Antiphlogistika/Antirheumatika in Kombination mit Corticosteroiden" />
      </concept>
      <concept>
        <code value="M01BA01" />
        <display value="Phenylbutazon und Corticosteroide" />
      </concept>
      <concept>
        <code value="M01BA02" />
        <display value="Dipyrocetyl und Corticosteroide" />
      </concept>
      <concept>
        <code value="M01BA03" />
        <display value="Acetylsalicylsäure und Corticosteroide" />
      </concept>
      <concept>
        <code value="M01BA04" />
        <display value="Mofebutazon und Corticosteroide" />
      </concept>
      <concept>
        <code value="M01BA05" />
        <display value="Oxyphenbutazon und Corticosteroide" />
      </concept>
      <concept>
        <code value="M01BA06" />
        <display value="Salicylamid und Corticosteroide" />
      </concept>
      <concept>
        <code value="M01BA07" />
        <display value="Metamizol und Corticosteroide" />
      </concept>
      <concept>
        <code value="M01BA08" />
        <display value="Kebuzon und Corticosteroide" />
      </concept>
      <concept>
        <code value="R03AK" />
        <display value="Sympathomimetika in Kombination mit Corticosteroiden oder anderen Mitteln, exkl. Anticholinergika" />
      </concept>
      <concept>
        <code value="R03AK01" />
        <display value="Epinephrin und andere Mittel bei obstruktiven Atemwegserkrankungen" />
      </concept>
      <concept>
        <code value="R03AK02" />
        <display value="Isoprenalin und andere Mittel bei obstruktiven Atemwegserkrankungen" />
      </concept>
      <concept>
        <code value="R03AK03" />
        <display value="Fenoterol und Cromoglicinsäure, Dinatriumsalz" />
      </concept>
      <concept>
        <code value="R03AK04" />
        <display value="Salbutamol und Cromoglicinsäure, Dinatriumsalz" />
      </concept>
      <concept>
        <code value="R03AK05" />
        <display value="Reproterol und Cromoglicinsäure, Dinatriumsalz" />
      </concept>
      <concept>
        <code value="R03AK06" />
        <display value="Salmeterol und Fluticason" />
      </concept>
      <concept>
        <code value="R03AK07" />
        <display value="Formoterol und Budesonid" />
      </concept>
      <concept>
        <code value="R03AK08" />
        <display value="Formoterol und Beclometason" />
      </concept>
      <concept>
        <code value="R03AK09" />
        <display value="Formoterol und Mometason" />
      </concept>
      <concept>
        <code value="R03AK10" />
        <display value="Vilanterol und Fluticasonfuroat" />
      </concept>
      <concept>
        <code value="R03AK11" />
        <display value="Formoterol und Fluticason" />
      </concept>
      <concept>
        <code value="R03AK12" />
        <display value="Salmeterol und Budesonid" />
      </concept>
      <concept>
        <code value="R03AK13" />
        <display value="Salbutamol und Beclometason" />
      </concept>
      <concept>
        <code value="R03AK14" />
        <display value="Indacaterol und Mometason" />
      </concept>
      <concept>
        <code value="R03AL" />
        <display value="Sympathomimetika in Kombination mit Anticholinergika inkl. Dreifachkombinationen mit Corticosteroiden" />
      </concept>
      <concept>
        <code value="R03AL01" />
        <display value="Fenoterol und Ipratropiumbromid" />
      </concept>
      <concept>
        <code value="R03AL02" />
        <display value="Salbutamol und Ipratropiumbromid" />
      </concept>
      <concept>
        <code value="R03AL03" />
        <display value="Vilanterol und Umeclidiniumbromid" />
      </concept>
      <concept>
        <code value="R03AL04" />
        <display value="Indacaterol und Glycopyrroniumbromid" />
      </concept>
      <concept>
        <code value="R03AL05" />
        <display value="Formoterol und Aclidiniumbromid" />
      </concept>
      <concept>
        <code value="R03AL06" />
        <display value="Olodaterol und Tiotropiumbromid" />
      </concept>
      <concept>
        <code value="R03AL07" />
        <display value="Formoterol und Glycopyrroniumbromid" />
      </concept>
      <concept>
        <code value="R03AL08" />
        <display value="Vilanterol, Umeclidiniumbromid und Fluticasonfuroat" />
      </concept>
      <concept>
        <code value="R03AL09" />
        <display value="Formoterol, Glycopyrroniumbromid und Beclometason" />
      </concept>
      <concept>
        <code value="S02B" />
        <display value="CORTICOSTEROIDE" />
      </concept>
      <concept>
        <code value="S02BA" />
        <display value="Corticosteroide" />
      </concept>
      <concept>
        <code value="S02BA01" />
        <display value="Hydrocortison" />
      </concept>
      <concept>
        <code value="S02BA03" />
        <display value="Prednisolon" />
      </concept>
      <concept>
        <code value="S02BA06" />
        <display value="Dexamethason" />
      </concept>
      <concept>
        <code value="S02BA07" />
        <display value="Betamethason" />
      </concept>
      <concept>
        <code value="S02BA08" />
        <display value="Fluocinolonacetonid" />
      </concept>
      <concept>
        <code value="S02BA56" />
        <display value="Dexamethason, Kombinationen" />
      </concept>
      <concept>
        <code value="L04AD" />
        <display value="Calcineurin-Inhibitoren" />
      </concept>
      <concept>
        <code value="L04AD01" />
        <display value="Ciclosporin" />
      </concept>
      <concept>
        <code value="L04AD02" />
        <display value="Tacrolimus" />
      </concept>
      <concept>
        <code value="L04AD03" />
        <display value="Voclosporin" />
      </concept>
      <concept>
        <code value="L04AB" />
        <display value="Tumornekrosefaktor alpha(TNF-alpha)-Inhibitoren" />
      </concept>
      <concept>
        <code value="L04AB01" />
        <display value="Etanercept" />
      </concept>
      <concept>
        <code value="L04AB02" />
        <display value="Infliximab" />
      </concept>
      <concept>
        <code value="L04AB03" />
        <display value="Afelimomab" />
      </concept>
      <concept>
        <code value="L04AB04" />
        <display value="Adalimumab" />
      </concept>
      <concept>
        <code value="L04AB05" />
        <display value="Certolizumab pegol" />
      </concept>
      <concept>
        <code value="L04AB06" />
        <display value="Golimumab" />
      </concept>
      <concept>
        <code value="L04AB07" />
        <display value="Opinercept" />
      </concept>
      <concept>
        <code value="L04AC" />
        <display value="Interleukin-Inhibitoren" />
      </concept>
      <concept>
        <code value="L04AC01" />
        <display value="Daclizumab" />
      </concept>
      <concept>
        <code value="L04AC02" />
        <display value="Basiliximab" />
      </concept>
      <concept>
        <code value="L04AC03" />
        <display value="Anakinra" />
      </concept>
      <concept>
        <code value="L04AC04" />
        <display value="Rilonacept" />
      </concept>
      <concept>
        <code value="L04AC05" />
        <display value="Ustekinumab" />
      </concept>
      <concept>
        <code value="L04AC07" />
        <display value="Tocilizumab" />
      </concept>
      <concept>
        <code value="L04AC08" />
        <display value="Canakinumab" />
      </concept>
      <concept>
        <code value="L04AC09" />
        <display value="Briakinumab" />
      </concept>
      <concept>
        <code value="L04AC10" />
        <display value="Secukinumab" />
      </concept>
      <concept>
        <code value="L04AC11" />
        <display value="Siltuximab" />
      </concept>
      <concept>
        <code value="L04AC12" />
        <display value="Brodalumab" />
      </concept>
      <concept>
        <code value="L04AC13" />
        <display value="Ixekizumab" />
      </concept>
      <concept>
        <code value="L04AC14" />
        <display value="Sarilumab" />
      </concept>
      <concept>
        <code value="L04AC15" />
        <display value="Sirukumab" />
      </concept>
      <concept>
        <code value="L04AC16" />
        <display value="Guselkumab" />
      </concept>
      <concept>
        <code value="L04AC17" />
        <display value="Tildrakizumab" />
      </concept>
      <concept>
        <code value="L04AC18" />
        <display value="Risankizumab" />
      </concept>
      <concept>
        <code value="L04AC19" />
        <display value="Satralizumab" />
      </concept>
      <concept>
        <code value="L04AC20" />
        <display value="Netakimab" />
      </concept>
      <concept>
        <code value="L04AC21" />
        <display value="Bimekizumab" />
      </concept>
      <concept>
        <code value="L03AB" />
        <display value="Interferone" />
      </concept>
      <concept>
        <code value="L03AB01" />
        <display value="Interferon alfa, natürlich" />
      </concept>
      <concept>
        <code value="L03AB02" />
        <display value="Interferon beta, natürlich" />
      </concept>
      <concept>
        <code value="L03AB03" />
        <display value="Interferon gamma" />
      </concept>
      <concept>
        <code value="L03AB04" />
        <display value="Interferon alfa-2a" />
      </concept>
      <concept>
        <code value="L03AB05" />
        <display value="Interferon alfa-2b" />
      </concept>
      <concept>
        <code value="L03AB06" />
        <display value="Interferon alfa-n1" />
      </concept>
      <concept>
        <code value="L03AB07" />
        <display value="Interferon beta-1a" />
      </concept>
      <concept>
        <code value="L03AB08" />
        <display value="Interferon beta-1b" />
      </concept>
      <concept>
        <code value="L03AB09" />
        <display value="Interferon alfacon-1" />
      </concept>
      <concept>
        <code value="L03AB10" />
        <display value="Peginterferon alfa-2b" />
      </concept>
      <concept>
        <code value="L03AB11" />
        <display value="Peginterferon alfa-2a" />
      </concept>
      <concept>
        <code value="L03AB12" />
        <display value="Albinterferon alfa-2b" />
      </concept>
      <concept>
        <code value="L03AB13" />
        <display value="Peginterferon beta-1a" />
      </concept>
      <concept>
        <code value="L03AB14" />
        <display value="Cepeginterferon alfa-2b" />
      </concept>
      <concept>
        <code value="L03AB15" />
        <display value="Ropeginterferon alfa-2b" />
      </concept>
      <concept>
        <code value="L03AB18" />
        <display value="Interferon gamma-1b" />
      </concept>
      <concept>
        <code value="L03AB60" />
        <display value="Peginterferon alfa-2b, Kombinationen" />
      </concept>
      <concept>
        <code value="L03AB61" />
        <display value="Peginterferon alfa-2a, Kombinationen" />
      </concept>
      <concept>
        <code value="A12CB" />
        <display value="Zink" />
      </concept>
      <concept>
        <code value="A12CB01" />
        <display value="Zinksulfat" />
      </concept>
      <concept>
        <code value="A12CB02" />
        <display value="Zinkgluconat" />
      </concept>
      <concept>
        <code value="A12CB03" />
        <display value="Zinkprotein-Komplex" />
      </concept>
      <concept>
        <code value="A12CB05" />
        <display value="Zinkhydrogenaspartat" />
      </concept>
      <concept>
        <code value="A12CB06" />
        <display value="Zinkorotat" />
      </concept>
      <concept>
        <code value="D01AC20" />
        <display value="Imidazole/Triazole in Kombination mit Corticosteroiden" />
      </concept>
      <concept>
        <code value="J05AE08" />
        <display value="Atazanavir" />
      </concept>
      <concept>
        <code value="J05AR15" />
        <display value="Atazanavir und Cobicistat" />
      </concept>
      <concept>
        <code value="J05AR23" />
        <display value="Atazanavir und Ritonavir" />
      </concept>
      <concept>
        <code value="J05AE10" />
        <display value="Darunavir" />
      </concept>
      <concept>
        <code value="J05AR14" />
        <display value="Darunavir und Cobicistat" />
      </concept>
      <concept>
        <code value="J05AR22" />
        <display value="Emtricitabin, Tenofoviralafenamid, Darunavir und Cobicistat" />
      </concept>
      <concept>
        <code value="P01BA01" />
        <display value="Chloroquin" />
      </concept>
      <concept>
        <code value="P01BA02" />
        <display value="Hydroxychloroquin" />
      </concept>
      <concept>
        <code value="P02CF01" />
        <display value="Ivermectin" />
      </concept>
      <concept>
        <code value="D11AX22" />
        <display value="Ivermectin" />
      </concept>
      <concept>
        <code value="J05AR10" />
        <display value="Lopinavir und Ritonavir" />
      </concept>
      <concept>
        <code value="J05AB06" />
        <display value="Ganciclovir" />
      </concept>
      <concept>
        <code value="S01AD09" />
        <display value="Ganciclovir" />
      </concept>
      <concept>
        <code value="J05AH02" />
        <display value="Oseltamivir" />
      </concept>
      <concept>
        <code value="J05AP01" />
        <display value="Ribavirin" />
      </concept>
      <concept>
        <code value="B02AB04" />
        <display value="Camostat" />
      </concept>
      <concept>
        <code value="J05AX27" />
        <display value="Favipiravir" />
      </concept>
      <concept>
        <code value="L04AC07" />
        <display value="Tocilizumab" />
      </concept>
      <concept>
        <code value="L04AC14" />
        <display value="Sarilumab" />
      </concept>
      <concept>
        <code value="S01XA18" />
        <display value="Ciclosporin" />
      </concept>
      <concept>
        <code value="D11AH01" />
        <display value="Tacrolimus" />
      </concept>
      <concept>
        <code value="L04AA10" />
        <display value="Sirolimus" />
      </concept>
      <concept>
        <code value="L04AA18" />
        <display value="Everolimus" />
      </concept>
      <concept>
        <code value="L01XE10" />
        <display value="Everolimus" />
      </concept>
      <concept>
        <code value="L01XE18" />
        <display value="Ruxolitinib" />
      </concept>
      <concept>
        <code value="M04AC01" />
        <display value="Colchicin" />
      </concept>
      <concept>
        <code value="S01AD05" />
        <display value="Interferon" />
      </concept>
      <concept>
        <code value="A11CC06" />
        <display value="Calcifediol" />
      </concept>
    </include>
  </compose>
</ValueSet>