<ValueSet xmlns="http://hl7.org/fhir">
  <id value="1.2.276.0.76.11.491--20200503224913" />
  <meta>
    <profile value="http://hl7.org/fhir/StructureDefinition/shareablevalueset" />
    <!--<profile value="http://hl7.org/fhir/4.0/StructureDefinition/ValueSet"/>-->
  </meta>
  <extension url="http://hl7.org/fhir/StructureDefinition/resource-effectivePeriod">
    <valuePeriod>
      <start value="2020-05-03T22:49:13+02:00" />
    </valuePeriod>
  </extension>
  <url value="https://www.netzwerk-universitaetsmedizin.de/fhir/ValueSet/complications-covid-19" />
  <identifier>
    <use value="official" />
    <system value="http://art-decor.org/ns/oids/vs" />
    <value value="1.2.276.0.76.11.491" />
  </identifier>
  <version value="1.0.4" />
  <name value="ComplicationsCovid19" />
  <title value="Complications of Covid-19" />
  <status value="active" />
  <experimental value="false" />
  <publisher value="Charité" />
  <description value="Complications in the context of Covid-19" />
  <immutable value="false" />
  <copyright value="This artefact includes content from SNOMED Clinical Terms® (SNOMED CT®) which is copyright of the International Health Terminology Standards Development Organisation (IHTSDO). Implementers of these artefacts must have the appropriate SNOMED CT Affiliate license - for more information contact http://www.snomed.org/snomed-ct/getsnomed-ct or info@snomed.org." />
  <compose>
    <include>
      <system value="http://snomed.info/sct" />
      <concept>
        <code value="439127006" />
        <display value="Thrombosis (disorder)" />
        <designation>
          <language value="de-DE" />
          <use>
            <system value="http://snomed.info/sct" />
            <code value="900000000000013009" />
            <display value="Synonym" />
          </use>
          <value value="Thrombose" />
        </designation>
      </concept>
      <concept>
        <code value="414086009" />
        <display value="Embolism (disorder)" />
        <designation>
          <language value="de-DE" />
          <use>
            <system value="http://snomed.info/sct" />
            <code value="900000000000013009" />
            <display value="Synonym" />
          </use>
          <value value="Embolie" />
        </designation>
      </concept>
      <concept>
        <code value="128601007" />
        <display value="Infectious disease of lung (disorder)" />
        <designation>
          <language value="de-DE" />
          <use>
            <system value="http://snomed.info/sct" />
            <code value="900000000000013009" />
            <display value="Synonym" />
          </use>
          <value value="Infektion der Lunge" />
        </designation>
      </concept>
      <concept>
        <code value="434156008" />
        <display value="Infectious agent in bloodstream (finding)" />
        <designation>
          <language value="de-DE" />
          <use>
            <system value="http://snomed.info/sct" />
            <code value="900000000000013009" />
            <display value="Synonym" />
          </use>
          <value value="Blutstrominfektion" />
        </designation>
      </concept>
      <concept>
        <code value="111293003" />
        <display value="Venous thrombosis (disorder)" />
        <designation>
          <language value="de-DE" />
          <use>
            <system value="http://snomed.info/sct" />
            <code value="900000000000013009" />
            <display value="Synonym" />
          </use>
          <value value="Venöse Thrombose" />
        </designation>
      </concept>
      <concept>
        <code value="59282003" />
        <display value="Pulmonary embolism (disorder)" />
        <designation>
          <language value="de-DE" />
          <use>
            <system value="http://snomed.info/sct" />
            <code value="900000000000013009" />
            <display value="Synonym" />
          </use>
          <value value="Lungenarterienembolie" />
        </designation>
      </concept>
      <concept>
        <code value="230690007" />
        <display value="Cerebrovascular accident (disorder)" />
        <designation>
          <language value="de-DE" />
          <use>
            <system value="http://snomed.info/sct" />
            <code value="900000000000013009" />
            <display value="Synonym" />
          </use>
          <value value="Stroke" />
        </designation>
      </concept>
      <concept>
        <code value="22298006" />
        <display value="Myocardial infarction (disorder)" />
        <designation>
          <language value="de-DE" />
          <use>
            <system value="http://snomed.info/sct" />
            <code value="900000000000013009" />
            <display value="Synonym" />
          </use>
          <value value="Myokardinfarkt" />
        </designation>
      </concept>
      <concept>
        <code value="14669001" />
        <display value="Acute renal failure syndrome (disorder)" />
        <designation>
          <language value="de-DE" />
          <use>
            <system value="http://snomed.info/sct" />
            <code value="900000000000013009" />
            <display value="Synonym" />
          </use>
          <value value="Akutes Nierenversagen" />
        </designation>
      </concept>
    </include>
    <include>
      <system value="http://snomed.info/sct" />
      <filter>
        <property value="concept" />
        <op value="is-a" />
        <value value="439127006" />
      </filter>
    </include>
    <include>
      <system value="http://snomed.info/sct" />
      <filter>
        <property value="concept" />
        <op value="is-a" />
        <value value="414086009" />
      </filter>
    </include>
    <include>
      <system value="http://snomed.info/sct" />
      <filter>
        <property value="concept" />
        <op value="is-a" />
        <value value="128601007" />
      </filter>
    </include>
    <include>
      <system value="http://snomed.info/sct" />
      <filter>
        <property value="concept" />
        <op value="is-a" />
        <value value="434156008" />
      </filter>
    </include>
  </compose>
</ValueSet>