<ValueSet xmlns="http://hl7.org/fhir">
  <id value="1.2.276.0.76.11.490--20200503163937" />
  <meta>
    <profile value="http://hl7.org/fhir/StructureDefinition/shareablevalueset" />
    <!--<profile value="http://hl7.org/fhir/4.0/StructureDefinition/ValueSet"/>-->
  </meta>
  <extension url="http://hl7.org/fhir/StructureDefinition/resource-effectivePeriod">
    <valuePeriod>
      <start value="2020-05-03T16:39:37+02:00" />
    </valuePeriod>
  </extension>
  <url value="https://www.netzwerk-universitaetsmedizin.de/fhir/ValueSet/ethnic-groups" />
  <identifier>
    <use value="official" />
    <system value="http://art-decor.org/ns/oids/vs" />
    <value value="1.2.276.0.76.11.490" />
  </identifier>
  <version value="1.0.4" />
  <name value="EthnicGroups" />
  <title value="Ethnic Groups" />
  <status value="active" />
  <experimental value="false" />
  <publisher value="Charité" />
  <description value="Ethnic groups in the context of Covid-19" />
  <immutable value="false" />
  <copyright value="This artefact includes content from SNOMED Clinical Terms® (SNOMED CT®) which is copyright of the International Health Terminology Standards Development Organisation (IHTSDO). Implementers of these artefacts must have the appropriate SNOMED CT Affiliate license - for more information contact http://www.snomed.org/snomed-ct/getsnomed-ct or info@snomed.org." />
  <compose>
    <include>
      <system value="http://snomed.info/sct" />
      <concept>
        <code value="14045001" />
        <display value="Caucasian (ethnic group)" />
      </concept>
      <concept>
        <code value="18167009" />
        <display value="Black African (ethnic group)" />
      </concept>
      <concept>
        <code value="315280000" />
        <display value="Asian - ethnic group (ethnic group)" />
      </concept>
      <concept>
        <code value="90027003" />
        <display value="Arabs (ethnic group)" />
      </concept>
      <concept>
        <code value="26242008" />
        <display value="Mixed (qualifier value)" />
      </concept>
    </include>
    <include>
      <system value="urn:oid:2.16.840.1.113883.6.238" />
      <concept>
        <code value="2135-2" />
        <display value="Hispanic or Latino" />
      </concept>
    </include>
    <include>
      <system value="http://snomed.info/sct" />
      <filter>
        <property value="concept" />
        <op value="descendent-of" />
        <value value="372148003" />
      </filter>
    </include>
  </compose>
</ValueSet>