<ValueSet xmlns="http://hl7.org/fhir">
  <id value="1.2.276.0.76.11.537--20200721123257" />
  <meta>
    <profile value="http://hl7.org/fhir/StructureDefinition/shareablevalueset" />
    <!--<profile value="http://hl7.org/fhir/4.0/StructureDefinition/ValueSet"/>-->
  </meta>
  <extension url="http://hl7.org/fhir/StructureDefinition/resource-effectivePeriod">
    <valuePeriod>
      <start value="2020-07-21T12:32:57+02:00" />
    </valuePeriod>
  </extension>
  <url value="https://www.netzwerk-universitaetsmedizin.de/fhir/ValueSet/apheresis-procedures" />
  <identifier>
    <use value="official" />
    <system value="http://art-decor.org/ns/oids/vs" />
    <value value="1.2.276.0.76.11.537" />
  </identifier>
  <version value="1.0" />
  <name value="ApheresisProcedures" />
  <title value="Apheresis-Procedures" />
  <status value="active" />
  <experimental value="false" />
  <publisher value="Charité" />
  <description value="Apheresis procedures" />
  <immutable value="false" />
  <compose>
    <include>
      <system value="http://snomed.info/sct" />
      <filter>
        <property value="concept" />
        <op value="is-a" />
        <value value="127788007" />
      </filter>
    </include>
  </compose>
</ValueSet>