<ValueSet xmlns="http://hl7.org/fhir">
  <id value="1.2.276.0.76.11.536--20200720125411" />
  <meta>
    <profile value="http://hl7.org/fhir/StructureDefinition/shareablevalueset" />
    <!--<profile value="http://hl7.org/fhir/4.0/StructureDefinition/ValueSet"/>-->
  </meta>
  <extension url="http://hl7.org/fhir/StructureDefinition/resource-effectivePeriod">
    <valuePeriod>
      <start value="2020-07-20T12:54:11+02:00" />
    </valuePeriod>
  </extension>
  <url value="https://www.netzwerk-universitaetsmedizin.de/fhir/ValueSet/dialysis-procedures-ops" />
  <identifier>
    <use value="official" />
    <system value="http://art-decor.org/ns/oids/vs" />
    <value value="1.2.276.0.76.11.536" />
  </identifier>
  <version value="1.0.5" />
  <name value="DialysisProceduresOPS" />
  <title value="Dialysis Procedures OPS" />
  <status value="active" />
  <experimental value="false" />
  <publisher value="Charité" />
  <description value="Dialysis procedures from the German procedure classification (Operationen- und Prozedurenschlüssel - OPS)" />
  <immutable value="false" />
  <compose>
    <include>
      <system value="http://fhir.de/CodeSystem/bfarm/ops" />
      <version value="2021" />
      <filter>
        <property value="concept" />
        <op value="descendent-of" />
        <value value="8-85" />
      </filter>
    </include>
    <exclude>
      <system value="http://fhir.de/CodeSystem/bfarm/ops" />
      <version value="2021" />
      <filter>
        <property value="concept" />
        <op value="is-a" />
        <value value="8-851" />
      </filter>
    </exclude>
    <exclude>
      <system value="http://fhir.de/CodeSystem/bfarm/ops" />
      <version value="2021" />
      <filter>
        <property value="concept" />
        <op value="is-a" />
        <value value="8-852" />
      </filter>
    </exclude>
    <exclude>
      <system value="http://fhir.de/CodeSystem/bfarm/ops" />
      <version value="2021" />
      <concept>
        <code value="8-85b" />
        <display value="Anwendung von Blutegeln zur Sicherung des venösen Blutabstroms bei Lappenplastiken oder replantierten Gliedmaßenabschnitten" />
      </concept>
    </exclude>
  </compose>
</ValueSet>