<ValueSet xmlns="http://hl7.org/fhir">
  <id value="1.2.276.0.76.11.486--20200503144303" />
  <meta>
    <profile value="http://hl7.org/fhir/StructureDefinition/shareablevalueset" />
    <!--<profile value="http://hl7.org/fhir/4.0/StructureDefinition/ValueSet"/>-->
  </meta>
  <extension url="http://hl7.org/fhir/StructureDefinition/resource-effectivePeriod">
    <valuePeriod>
      <start value="2020-05-03T14:43:03+02:00" />
    </valuePeriod>
  </extension>
  <url value="https://www.netzwerk-universitaetsmedizin.de/fhir/ValueSet/resuscitation-status" />
  <identifier>
    <use value="official" />
    <system value="http://art-decor.org/ns/oids/vs" />
    <value value="1.2.276.0.76.11.486" />
  </identifier>
  <version value="1.0" />
  <name value="DoNotResuscitateOrder" />
  <title value="Do-Not-Resuscitate-Order" />
  <status value="active" />
  <experimental value="false" />
  <publisher value="Charité" />
  <description value="Do-not-resuscitate (DNR) order in the context of Covid-19" />
  <immutable value="false" />
  <copyright value="This artefact includes content from SNOMED Clinical Terms® (SNOMED CT®) which is copyright of the International Health Terminology Standards Development Organisation (IHTSDO). Implementers of these artefacts must have the appropriate SNOMED CT Affiliate license - for more information contact http://www.snomed.org/snomed-ct/getsnomed-ct or info@snomed.org." />
  <compose>
    <include>
      <system value="http://snomed.info/sct" />
      <concept>
        <code value="304252001" />
        <display value="For resuscitation (finding)" />
      </concept>
      <concept>
        <code value="304253006" />
        <display value="Not for resuscitation (finding)" />
      </concept>
      <concept>
        <code value="261665006" />
        <display value="Unknown (qualifier value)" />
      </concept>
    </include>
  </compose>
</ValueSet>