<ValueSet xmlns="http://hl7.org/fhir">
  <id value="1.2.276.0.76.11.487--20200503152827" />
  <meta>
    <profile value="http://hl7.org/fhir/StructureDefinition/shareablevalueset" />
    <!--<profile value="http://hl7.org/fhir/4.0/StructureDefinition/ValueSet"/>-->
  </meta>
  <extension url="http://hl7.org/fhir/StructureDefinition/resource-effectivePeriod">
    <valuePeriod>
      <start value="2020-05-03T15:28:27+02:00" />
    </valuePeriod>
  </extension>
  <url value="https://www.netzwerk-universitaetsmedizin.de/fhir/ValueSet/radiology-procedures" />
  <identifier>
    <use value="official" />
    <system value="http://art-decor.org/ns/oids/vs" />
    <value value="1.2.276.0.76.11.487" />
  </identifier>
  <version value="1.0.4" />
  <name value="ImagingProcedures" />
  <title value="Radiology Procedures" />
  <status value="active" />
  <experimental value="false" />
  <publisher value="Charité" />
  <description value="Radiology procedures in the context of Covid-19" />
  <immutable value="false" />
  <copyright value="This artefact includes content from SNOMED Clinical Terms® (SNOMED CT®) which is copyright of the International Health Terminology Standards Development Organisation (IHTSDO). Implementers of these artefacts must have the appropriate SNOMED CT Affiliate license - for more information contact http://www.snomed.org/snomed-ct/getsnomed-ct or info@snomed.org." />
  <compose>
    <include>
      <system value="http://snomed.info/sct" />
      <concept>
        <code value="77477000" />
        <display value="Computerized axial tomography (procedure)" />
        <designation>
          <language value="de-DE" />
          <use>
            <system value="http://snomed.info/sct" />
            <code value="900000000000013009" />
            <display value="Synonym" />
          </use>
          <value value="CT" />
        </designation>
      </concept>
      <concept>
        <code value="168537006" />
        <display value="Plain radiography (procedure)" />
        <designation>
          <language value="de-DE" />
          <use>
            <system value="http://snomed.info/sct" />
            <code value="900000000000013009" />
            <display value="Synonym" />
          </use>
          <value value="Röntgen" />
        </designation>
      </concept>
      <concept>
        <code value="16310003" />
        <display value="Diagnostic ultrasonography (procedure)" />
        <designation>
          <language value="de-DE" />
          <use>
            <system value="http://snomed.info/sct" />
            <code value="900000000000013009" />
            <display value="Synonym" />
          </use>
          <value value="Ultraschall" />
        </designation>
      </concept>
    </include>
  </compose>
</ValueSet>